,Papel,Setor,Subsetor,Cotacao,Cres_Rec_5a,Div_Br_Patrim,Div_Bruta,Div_Liquida,Div_Yield,EV_EBIT,EV_EBITDA,LPA,Marg_Bruta,Marg_Liquida,PEBIT,PL,PVP,ROE,ROIC,Valor_de_mercado,VPA,id
1,ABCB4,Intermediários Financeiros,Bancos,15.99,-34.3,,,,3.1,,,1.46,,0.0,,10.97,0.82,7.5,,3532040000.0,19.41,3
2,ABEV3,Bebidas,Cervejas e Refrigerantes,14.69,6.1,0.06,4792230000.0,-13998100000.0,3.3,15.8,11.6,0.72,53.6,20.1,16.82,20.31,3.13,15.4,15.6,231149000000.0,4.69,4
3,ADHM3,,,1.56,43.5,,0.0,0.0,0.0,-5.69,-5.81,-0.38,100.0,-18860.6,-5.69,-4.09,-1.29,31.5,521.7,25440500.0,-1.21,5
4,AELP3,Energia Elétrica,Energia Elétrica,1.93,1.2,,0.0,-9130000.0,0.0,-11.94,-11.98,0.23,0.5,-0.7,-12.58,8.49,-200.57,-2363.8,,181318000.0,-0.01,6
5,AFLT3,Energia Elétrica,Energia Elétrica,8.96,7.9,0.0,739000.0,-30470000.0,8.1,27.89,27.71,0.3,64.8,52.1,29.48,30.21,03.02,10.0,11.1,565242000.0,2.97,7
6,AGRO3,Agropecuária,Agricultura,23.0,35.5,0.57,651392000.0,487571000.0,2.3,12.66,18.66,2.38,30.8,13.7,10.07,9.67,1.65,17.0,9.9,1888400000.0,13.98,8
7,AHEB3,Viagens e Lazer,Produção de Eventos e Shows,21.9,-15.9,,0.0,-20526000.0,0.0,,,0.0,,,,0.0,15.37,,,187114000.0,1.42,9
8,AHEB5,Viagens e Lazer,Produção de Eventos e Shows,20.01,-15.9,,0.0,-20526000.0,0.0,,,0.0,,,,0.0,14.05,,,170965000.0,1.42,10
9,AHEB6,Viagens e Lazer,Produção de Eventos e Shows,27.0,-15.9,,0.0,-20526000.0,0.0,,,0.0,,,,0.0,18.95,,,230688000.0,1.42,11
10,ALPA3,"Tecidos, Vestuário e Calçados",Calçados,29.0,-3.7,0.08,243863000.0,-449140000.0,0.0,29.93,23.18,0.24,52.3,3.8,30.74,121.64,5.78,4.8,15.2,17053800000.0,05.01,12
11,ALPA4,"Tecidos, Vestuário e Calçados",Calçados,33.37,-3.7,0.08,243863000.0,-449140000.0,0.0,34.57,26.77,0.24,52.3,3.8,35.38,139.97,6.65,4.8,15.2,19623600000.0,05.01,13
12,ALSO3,Exploração de Imóveis,Exploração de Imóveis,23.52,26.7,,0.0,-1303790000.0,0.0,12.13,8.37,1.0,67.8,30.4,15.33,23.52,0.95,4.0,4.3,6250980000.0,24.77,14
13,ALUP11,Energia Elétrica,Energia Elétrica,23.55,39.2,1.6,8776490000.0,6414200000.0,2.9,6.0,5.65,02.04,46.2,26.9,3.11,11.52,1.25,10.9,12.3,6901020000.0,18.77,15
14,AMAR3,Comércio,"Tecidos, Vestuário e Calçados",5.15,-5.5,1.28,1315400000.0,996633000.0,0.0,27.23,06.05,-1.57,39.8,-21.0,15.65,-3.28,1.31,-40.1,3.5,1347590000.0,3.92,16
15,ANIM3,Diversos,Serviços Educacionais,7.9,9.6,0.8,1329280000.0,539526000.0,0.0,18.15,10.69,-0.09,49.5,-2.6,15.53,-87.82,1.93,-2.2,7.2,3190570000.0,4.1,17
16,APER3,Previdência e Seguros,Corretoras de Seguros,39.47,-8.1,,0.0,-52247000.0,0.1,-1200.21,62.34,0.01,100.0,0.1,-1356.63,4442.31,2.53,0.1,-0.1,453116000.0,15.6,18
17,ARZZ3,Comércio,"Tecidos, Vestuário e Calçados",72.36,7.4,0.47,634269000.0,73104000.0,0.7,115.55,50.53,0.49,47.5,3.1,114.39,148.39,5.35,3.6,3.4,7209300000.0,13.54,19
18,ATMP3,Serviços Diversos,Serviços Diversos,3.82,-22.8,-5.42,409136000.0,362614000.0,0.0,-2.58,-5.03,-14.85,-12.4,-43.4,-0.53,-0.26,-1.25,485.1,-13.4,94239400.0,-3.06,20
19,ATOM3,Outros,Outros,3.6,170.7,,0.0,-14301000.0,0.0,6.26,6.23,0.58,100.0,44.5,7.73,6.21,4.57,73.6,84.6,75236400.0,0.79,21
20,AZEV3,Construção e Engenharia,Construção Pesada,5.79,-44.9,-0.12,30748000.0,30558000.0,0.0,,,0.0,,,,0.0,-0.44,,,114642000.0,-13.3,22
21,AZEV4,Construção e Engenharia,Construção Pesada,3.46,-44.9,-0.12,30748000.0,30558000.0,0.0,,,0.0,,,,0.0,-0.26,,,68508000.0,-13.3,23
22,B3SA3,Serviços Financeiros Diversos,Serviços Financeiros Diversos,52.76,40.0,0.29,7059770000.0,-8447540000.0,4.1,17.48,14.77,02.03,89.9,44.5,18.97,25.95,4.4,16.9,18.6,107736000000.0,12.0,24
23,BAHI3,Diversos,Serviços Educacionais,72.0,73.0,0.51,43126000.0,8245000.0,0.0,66.37,28.95,-15.2,41.3,-21.0,63.14,-4.74,1.92,-40.5,0.5,161457000.0,37.55,25
24,BALM3,Equipamentos,Equipamentos,17.4,8.7,0.28,31775000.0,4241000.0,1.5,13.53,10.98,1.61,49.7,8.3,13.2,10.82,1.49,13.8,6.9,170520000.0,11.65,26
25,BALM4,Equipamentos,Equipamentos,13.5,8.7,0.28,31775000.0,4241000.0,1.9,10.57,8.58,1.61,49.7,8.3,10.24,8.39,1.16,13.8,6.9,132300000.0,11.65,27
26,BAUH4,Alimentos Processados,Carnes e Derivados,92.69,8.4,,0.0,-25205000.0,0.9,34.94,26.67,4.49,23.3,12.3,36.86,20.65,5.27,25.5,14.3,484027000.0,17.59,28
27,BAZA3,Intermediários Financeiros,Bancos,37.89,-12.5,,,,9.5,,,11.42,,0.0,,3.32,0.49,14.7,,1123290000.0,77.52,29
28,BBAS3,Intermediários Financeiros,Bancos,29.2,-7.9,,,,5.0,,,4.37,,0.0,,6.69,0.72,10.7,,83670200000.0,40.74,30
29,BBDC3,Intermediários Financeiros,Bancos,21.65,-9.3,,,,2.8,,,1.87,,0.0,,11.61,1.34,11.5,,192040000000.0,16.2,31
30,BBDC4,Intermediários Financeiros,Bancos,24.15,-9.3,,,,2.8,,,1.87,,0.0,,12.95,1.49,11.5,,214216000000.0,16.2,32
31,BBRK3,Exploração de Imóveis,Intermediação Imobiliária,1.62,2.7,,0.0,-37678000.0,0.0,-2.79,-4.32,-2.27,62.6,-175.1,-3.96,-0.71,-3.03,423.7,-19.5,127222000.0,-0.54,33
32,BBSE3,Previdência e Seguros,Seguradoras,24.38,,,0.0,0.0,5.5,,,0.0,,,,0.0,0.0,,,48760000000.0,0.0,34
33,BDLL4,Máquinas e Equipamentos,Máq. e Equip. Industriais,9.52,-46.0,-1.59,243471000.0,243386000.0,0.0,-9.23,-12.68,-103.34,-60.2,-662.2,-0.54,-0.09,-0.1,108.2,-4.8,15232000.0,-95.47,36
34,BEEF3,Alimentos Processados,Carnes e Derivados,9.61,19.1,13.78,11572000000.0,5180610000.0,3.1,5.73,4.9,1.27,19.8,3.6,2.89,7.58,6.29,83.0,22.3,5281800000.0,1.53,37
35,BEES3,Intermediários Financeiros,Bancos,4.78,6.8,,,,4.2,,,0.73,,0.0,,6.51,0.88,13.5,,1510060000.0,5.43,38
36,BEES4,Intermediários Financeiros,Bancos,5.68,6.8,,,,3.5,,,0.73,,0.0,,7.74,01.05,13.5,,1794390000.0,5.43,39
37,BGIP3,Intermediários Financeiros,Bancos,39.0,9.6,,,,2.5,,,3.56,,0.0,,10.97,1.22,11.1,,596115000.0,31.91,40
38,BGIP4,Intermediários Financeiros,Bancos,22.7,9.6,,,,4.8,,,3.56,,0.0,,6.39,0.71,11.1,,346970000.0,31.91,41
39,BHGR3,Exploração de Imóveis,Exploração de Imóveis,19.1,20.7,0.2,212154000.0,112648000.0,0.0,25.95,14.2,-0.07,59.9,-1.3,23.7,-272.16,1.1,-0.4,3.9,1186900000.0,17.34,42
40,BIOM3,Medicamentos e Outros Produtos,Medicamentos e Outros Produtos,14.8,832.4,1.72,187284000.0,128179000.0,0.0,-25.98,-29.72,-0.86,26.5,-132.8,-23.03,-17.18,9.23,-53.7,-15.5,1002200000.0,1.6,43
41,BMEB3,Intermediários Financeiros,Bancos,17.31,9.3,,,,4.5,,,2.88,,0.0,,06.01,0.92,15.3,,907321000.0,18.85,44
42,BMEB4,Intermediários Financeiros,Bancos,16.75,9.3,,,,5.1,,,2.88,,0.0,,5.81,0.89,15.3,,877968000.0,18.85,45
43,BMIN3,Intermediários Financeiros,Bancos,21.25,-25.0,,,,0.0,,,0.51,,0.0,,41.78,0.82,2.0,,102531000.0,25.93,46
44,BMIN4,Intermediários Financeiros,Bancos,20.35,-25.0,,,,6.9,,,0.51,,0.0,,40.01,0.78,2.0,,98188800.0,25.93,47
45,BMKS3,Viagens e Lazer,Bicicletas,225.0,2.1,0.03,5014000.0,-143010000.0,2.7,11.67,23.69,09.01,28.7,19.7,-29.35,24.98,0.56,2.2,-6.1,102319000.0,404.66,48
46,BNBR3,Intermediários Financeiros,Bancos,65.82,16.4,,,,4.1,,,11.8,,0.0,,5.58,0.92,16.5,,5684940000.0,71.46,49
47,BOBR4,Produtos de Uso Pessoal e de Limpeza,Produtos de Limpeza,2.15,0.4,-0.95,228260000.0,211630000.0,0.0,6.31,5.36,0.15,35.0,3.6,4.58,14.56,-2.32,-15.9,24.6,560097000.0,-0.93,50
48,BPAN4,Intermediários Financeiros,Bancos,11.84,15.7,,,,1.7,,,0.54,,0.0,,21.76,2.68,12.3,,14267900000.0,4.41,51
49,BPHA3,Comércio e Distribuição,Medicamentos e Outros Produtos,0.62,-53.4,-0.26,75325000.0,74516000.0,0.0,1.6,1.43,10.4,-779.3,-33652.5,0.78,0.06,-0.24,-402.5,401.0,70110200.0,-2.58,52
50,BRAP3,Mineração,Minerais Metálicos,57.8,,0.02,228390000.0,-739102000.0,3.2,-1073.65,-1073.65,2.16,,0.0,-1114.6,26.71,1.67,6.3,-0.2,20116400000.0,34.51,53
51,BRAP4,Mineração,Minerais Metálicos,65.93,,0.02,228390000.0,-739102000.0,3.0,-1230.43,-1230.43,2.16,,0.0,-1271.38,30.46,1.91,6.3,-0.2,22945900000.0,34.51,54
52,BRFS3,Alimentos Processados,Carnes e Derivados,23.26,3.2,2.61,22404400000.0,14513600000.0,0.0,10.73,06.07,1.7,24.0,3.5,06.07,13.66,2.2,16.1,10.1,18898100000.0,10.57,55
53,BRGE11,Previdência e Seguros,Seguradoras,9.99,-2.2,,0.0,-1571220000.0,3.6,02.07,02.08,0.56,-301.5,248.8,-1.82,17.9,0.6,3.3,-27.5,735724000.0,16.76,56
54,BRGE12,Previdência e Seguros,Seguradoras,6.13,-2.2,,0.0,-1571220000.0,0.0,2.78,2.79,0.56,-301.5,248.8,-1.12,10.98,0.37,3.3,-27.5,451450000.0,16.76,57
55,BRGE3,Previdência e Seguros,Seguradoras,9.1,-2.2,,0.0,-1571220000.0,0.0,2.23,2.24,0.56,-301.5,248.8,-1.66,16.31,0.54,3.3,-27.5,670179000.0,16.76,58
56,BRGE5,Previdência e Seguros,Seguradoras,15.21,-2.2,,0.0,-1571220000.0,0.0,1.12,1.12,0.56,-301.5,248.8,-2.78,27.26,0.91,3.3,-27.5,1120160000.0,16.76,59
57,BRGE6,Previdência e Seguros,Seguradoras,16.5,-2.2,,0.0,-1571220000.0,4.4,0.88,0.89,0.56,-301.5,248.8,-3.01,29.57,0.98,3.3,-27.5,1215160000.0,16.76,60
58,BRGE8,Previdência e Seguros,Seguradoras,8.5,-2.2,,0.0,-1571220000.0,3.6,2.34,2.35,0.56,-301.5,248.8,-1.55,15.23,0.51,3.3,-27.5,625991000.0,16.76,61
59,BRIV3,Intermediários Financeiros,Bancos,9.3,30.5,,,,0.1,,,0.83,,0.0,,11.18,0.53,4.8,,823989000.0,17.41,62
60,BRIV4,Intermediários Financeiros,Bancos,8.5,30.5,,,,6.8,,,0.83,,0.0,,10.22,0.49,4.8,,753108000.0,17.41,63
61,BRKM3,Químicos,Petroquímicos,28.73,2.8,-10.2,45545000000.0,30015800000.0,0.0,14.86,6.97,-13.67,14.8,-21.4,6.43,-2.1,-5.13,244.0,5.8,22904100000.0,-5.6,64
62,BRKM5,Químicos,Petroquímicos,30.2,2.8,-10.2,45545000000.0,30015800000.0,0.0,15.19,7.13,-13.67,14.8,-21.4,6.76,-2.21,-5.39,244.0,5.8,24076000000.0,-5.6,65
63,BRKM6,Químicos,Petroquímicos,21.3,2.8,-10.2,45545000000.0,30015800000.0,0.0,13.2,6.19,-13.67,14.8,-21.4,4.77,-1.56,-3.8,244.0,5.8,16980800000.0,-5.6,66
64,BRML3,Exploração de Imóveis,Exploração de Imóveis,8.3,-5.4,0.32,3395070000.0,2470430000.0,0.0,15.79,15.07,-0.1,87.8,-0.9,11.78,-84.56,0.69,-0.8,3.5,7247070000.0,12.08,67
65,BRPR3,Exploração de Imóveis,Exploração de Imóveis,8.3,-8.8,0.31,2265790000.0,1069860000.0,1.0,23.82,23.72,0.42,100.0,65.8,18.87,19.78,0.56,2.8,2.3,4079530000.0,14.81,68
66,BRSR3,Intermediários Financeiros,Bancos,13.5,10.6,,,,6.6,,,1.78,,0.0,,7.59,0.66,8.7,,5521150000.0,20.4,69
67,BRSR5,Intermediários Financeiros,Bancos,17.82,10.6,,,,5.1,,,1.78,,0.0,,10.02,0.87,8.7,,7287920000.0,20.4,70
68,BRSR6,Intermediários Financeiros,Bancos,12.05,10.6,,,,7.3,,,1.78,,0.0,,6.77,0.59,8.7,,4928140000.0,20.4,71
69,BSEV3,Alimentos Processados,Açucar e Alcool,7.52,7.5,-14.52,6914560000.0,6310650000.0,0.0,8.85,3.77,-0.61,20.7,-6.0,4.86,-12.24,-16.11,131.7,16.7,7673630000.0,-0.47,72
70,BSLI3,Intermediários Financeiros,Bancos,49.75,11.4,,,,0.6,,,1.24,,0.0,,40.17,26.64,66.3,,18061500000.0,1.87,73
71,BSLI4,Intermediários Financeiros,Bancos,38.1,11.4,,,,0.8,,,1.24,,0.0,,30.77,20.4,66.3,,13832100000.0,1.87,74
72,BTOW3,Comércio,Produtos Diversos,66.64,2.8,0.82,7762040000.0,-3283630000.0,0.0,99.6,36.08,-0.38,28.4,-2.1,109.21,-177.1,3.93,-2.2,4.6,37324100000.0,16.94,75
73,BTTL3,Comércio,Material de Transporte,9.74,23.4,2.6,49711000.0,25216000.0,0.0,,,0.0,,,,0.0,7.58,,,144746000.0,1.29,76
74,CARD3,Serviços Diversos,Serviços Diversos,14.84,-1.5,0.46,133167000.0,49407000.0,2.5,10.11,5.31,1.12,29.7,10.2,9.36,13.26,2.12,16.0,15.8,620312000.0,6.99,81
75,CASN3,Água e Saneamento,Água e Saneamento,15.2,8.0,1.15,1533060000.0,1331230000.0,0.2,37.25,29.35,0.17,53.6,9.5,33.58,90.23,09.09,10.1,10.1,12160000000.0,1.67,82
76,CBEE3,Energia Elétrica,Energia Elétrica,15.0,7.9,1.28,4612060000.0,3915810000.0,0.0,24.52,8.82,0.29,12.8,0.8,9.55,51.09,0.7,1.4,2.7,2499510000.0,21.55,83
77,CCPR3,Exploração de Imóveis,Exploração de Imóveis,10.58,3.5,0.92,1490860000.0,1074640000.0,9.2,11.09,8.62,0.33,63.0,26.3,6.66,31.88,0.99,3.1,5.4,1614970000.0,10.66,84
78,CCRO3,Transporte,Exploração de Rodovias,11.17,-0.2,2.57,19904000000.0,13696700000.0,4.3,17.51,08.07,0.09,34.6,0.9,10.89,118.11,2.91,2.5,7.8,22563400000.0,3.83,85
79,CEBR3,Energia Elétrica,Energia Elétrica,138.93,-14.0,0.12,102031000.0,-49415000.0,1.2,-29.44,-42.92,3.69,-0.9,7.6,-30.18,37.69,2.36,6.3,-1.9,2002810000.0,58.88,86
80,CEBR5,Energia Elétrica,Energia Elétrica,157.0,-14.0,0.12,102031000.0,-49415000.0,2.5,-33.36,-48.64,3.69,-0.9,7.6,-34.11,42.59,2.67,6.3,-1.9,2263310000.0,58.88,87
81,CEBR6,Energia Elétrica,Energia Elétrica,159.0,-14.0,0.12,102031000.0,-49415000.0,1.2,-33.8,-49.28,3.69,-0.9,7.6,-34.54,43.14,2.7,6.3,-1.9,2292140000.0,58.88,88
82,CEDO3,"Tecidos, Vestuário e Calçados",Fios e Tecidos,10.42,6.2,1.78,225472000.0,205295000.0,0.0,16.19,8.3,-5.85,15.8,-10.8,5.45,-1.78,0.82,-46.1,3.5,104200000.0,12.68,89
83,CEDO4,"Tecidos, Vestuário e Calçados",Fios e Tecidos,05.05,6.2,1.78,225472000.0,205295000.0,0.0,13.38,6.86,-5.85,15.8,-10.8,2.64,-0.86,0.4,-46.1,3.5,50500000.0,12.68,90
84,CEEB3,Energia Elétrica,Energia Elétrica,41.0,12.3,1.28,7817000000.0,7339000000.0,2.4,9.25,7.15,4.65,22.6,10.8,5.5,8.82,1.76,20.0,10.2,10745900000.0,23.31,91
85,CEEB5,Energia Elétrica,Energia Elétrica,45.0,12.3,1.28,7817000000.0,7339000000.0,0.0,9.79,7.57,4.65,22.6,10.8,06.03,9.68,1.93,20.0,10.2,11794300000.0,23.31,92
86,CEED3,Energia Elétrica,Energia Elétrica,50.0,7.0,-0.2,1053850000.0,929673000.0,0.0,-4.03,-7.12,-157.14,-1.0,-44.5,-1.38,-0.32,-0.09,28.7,-11.2,484050000.0,-548.08,93
87,CEED4,Energia Elétrica,Energia Elétrica,70.0,7.0,-0.2,1053850000.0,929673000.0,0.0,-4.58,-8.09,-157.14,-1.0,-44.5,-1.93,-0.45,-0.13,28.7,-11.2,677670000.0,-548.08,94
88,CEGR3,Gás,Gás,60.0,4.4,0.99,1173560000.0,773305000.0,0.0,23.59,19.7,1.51,29.3,11.0,22.48,39.62,13.2,33.3,24.1,15578300000.0,4.55,95
89,CEPE3,Energia Elétrica,Energia Elétrica,128.0,-45.2,3.21,5464000000.0,4733000000.0,0.0,20.26,14.28,2.91,15.8,3.2,13.55,44.01,5.61,12.7,7.1,9550340000.0,22.81,96
90,CEPE5,Energia Elétrica,Energia Elétrica,29.9,-45.2,3.21,5464000000.0,4733000000.0,6.7,9.88,6.96,2.91,15.8,3.2,3.16,10.28,1.31,12.7,7.1,2230900000.0,22.81,97
91,CEPE6,Energia Elétrica,Energia Elétrica,29.0,-45.2,3.21,5464000000.0,4733000000.0,7.7,9.78,6.9,2.91,15.8,3.2,03.07,9.97,1.27,12.7,7.1,2163750000.0,22.81,98
92,CESP3,Energia Elétrica,Energia Elétrica,29.75,3.5,0.25,1825560000.0,1112180000.0,7.7,17.62,10.71,5.28,38.0,90.2,15.82,5.64,1.35,24.0,4.5,9743210000.0,22.0,99
93,CESP5,Energia Elétrica,Energia Elétrica,38.72,3.5,0.25,1825560000.0,1112180000.0,9.5,22.39,13.61,5.28,38.0,90.2,20.58,7.34,1.76,24.0,4.5,12680900000.0,22.0,100
94,CESP6,Energia Elétrica,Energia Elétrica,26.48,3.5,0.25,1825560000.0,1112180000.0,8.6,15.88,9.66,5.28,38.0,90.2,14.08,05.02,1.2,24.0,4.5,8672280000.0,22.0,101
95,CGAS3,Gás,Gás,150.0,14.0,11.94,7043910000.0,5433360000.0,5.7,13.0,10.88,8.68,33.8,13.8,10.21,17.28,33.69,195.0,24.4,19878200000.0,4.45,102
96,CGAS5,Gás,Gás,138.5,14.0,11.94,7043910000.0,5433360000.0,6.7,12.22,10.23,8.68,33.8,13.8,9.43,15.95,31.11,195.0,24.4,18354200000.0,4.45,103
97,CGRA3,Comércio,"Tecidos, Vestuário e Calçados",31.8,3.4,,0.0,-102801000.0,5.4,12.96,8.43,6.76,54.0,31.1,15.43,4.7,01.02,21.8,6.4,640693000.0,31.09,104
98,CGRA4,Comércio,"Tecidos, Vestuário e Calçados",30.32,3.4,,0.0,-102801000.0,5.6,12.24,7.96,6.76,54.0,31.1,14.71,4.48,0.98,21.8,6.4,610875000.0,31.09,105
99,CIEL3,Serviços Financeiros Diversos,Serviços Financeiros Diversos,3.36,-17.8,0.73,6942040000.0,2425260000.0,1.8,20.77,11.23,0.18,39.7,10.5,16.41,18.62,0.96,5.2,3.5,9128500000.0,3.49,106
100,CLSC3,Energia Elétrica,Energia Elétrica,56.0,6.9,01.09,1847910000.0,686399000.0,4.2,6.74,4.31,09.08,12.7,4.3,5.12,6.17,1.28,20.7,5.0,2160030000.0,43.87,107
101,CLSC4,Energia Elétrica,Energia Elétrica,47.21,6.9,01.09,1847910000.0,686399000.0,5.5,5.94,3.8,09.08,12.7,4.3,4.31,5.2,01.08,20.7,5.0,1820980000.0,43.87,108
102,CMIG3,Energia Elétrica,Energia Elétrica,13.75,7.3,0.93,16106700000.0,10996600000.0,4.4,6.31,5.3,1.34,23.1,8.2,4.14,10.29,1.21,11.7,10.9,20882900000.0,11.39,109
103,CMIG4,Energia Elétrica,Energia Elétrica,11.48,7.3,0.93,16106700000.0,10996600000.0,5.3,5.63,4.72,1.34,23.1,8.2,3.45,8.59,01.01,11.7,10.9,17435300000.0,11.39,110
104,COCE3,Energia Elétrica,Energia Elétrica,51.24,9.1,0.77,2490150000.0,2231760000.0,4.1,16.94,9.14,3.41,12.7,4.5,10.86,15.04,1.23,8.2,4.5,3989290000.0,41.49,111
105,COCE5,Energia Elétrica,Energia Elétrica,52.59,9.1,0.77,2490150000.0,2231760000.0,4.0,17.22,9.3,3.41,12.7,4.5,11.15,15.44,1.27,8.2,4.5,4094390000.0,41.49,112
106,COGN3,Diversos,Serviços Educacionais,3.83,7.2,0.72,12393100000.0,7151130000.0,0.0,78.09,13.99,-1.04,59.4,-31.6,39.14,-3.68,0.42,-11.4,0.6,7187400000.0,9.16,114
107,CORR4,Exploração de Imóveis,Exploração de Imóveis,82.0,37.1,,0.0,-1972000.0,0.0,-0.01,-0.01,396.36,74.7,53.9,0.19,0.21,0.34,165.0,48.3,1898550.0,240.27,116
108,CPFE3,Energia Elétrica,Energia Elétrica,28.47,11.8,1.39,20192000000.0,12076100000.0,6.3,8.95,6.99,03.06,22.6,12.1,6.54,9.32,2.26,24.2,12.6,32804700000.0,12.61,117
109,CPLE3,Energia Elétrica,Energia Elétrica,58.07,7.6,0.51,10310100000.0,6709060000.0,4.9,5.29,4.21,12.34,29.9,19.2,3.72,4.71,0.79,16.8,10.7,15891200000.0,73.29,118
110,CPLE5,Energia Elétrica,Energia Elétrica,60.52,7.6,0.51,10310100000.0,6709060000.0,9.1,5.44,4.33,12.34,29.9,19.2,3.87,4.9,0.83,16.8,10.7,16561600000.0,73.29,119
111,CPLE6,Energia Elétrica,Energia Elétrica,59.55,7.6,0.51,10310100000.0,6709060000.0,5.2,5.38,4.28,12.34,29.9,19.2,3.81,4.83,0.81,16.8,10.7,16296200000.0,73.29,120
112,CRDE3,Construção Civil,Incorporações,21.0,-11.5,,0.0,-17877000.0,68.8,-8.29,-8.31,-1.32,81.0,-48.6,-12.78,-15.85,0.42,-2.7,-3.5,50862000.0,49.7,121
113,CRIV3,Intermediários Financeiros,Soc. Crédito e Financiamento,05.09,-4.6,,,,0.0,,,0.49,,0.0,,10.38,0.53,5.1,,523980000.0,9.54,122
114,CRIV4,Intermediários Financeiros,Soc. Crédito e Financiamento,6.2,-4.6,,,,7.0,,,0.49,,0.0,,12.64,0.65,5.1,,638247000.0,9.54,123
115,CRPG3,Químicos,Químicos Diversos,44.2,6.7,0.01,5807000.0,-198264000.0,0.0,9.4,7.77,4.16,31.6,20.3,11.11,10.62,1.9,17.9,16.4,1282640000.0,23.24,124
116,CRPG5,Químicos,Químicos Diversos,47.1,6.7,0.01,5807000.0,-198264000.0,1.9,10.13,8.38,4.16,31.6,20.3,11.84,11.31,02.03,17.9,16.4,1366790000.0,23.24,125
117,CRPG6,Químicos,Químicos Diversos,48.2,6.7,0.01,5807000.0,-198264000.0,1.8,10.4,8.61,4.16,31.6,20.3,12.12,11.58,02.07,17.9,16.4,1398720000.0,23.24,126
118,CSAB3,Previdência e Seguros,Seguradoras,49.08,,,0.0,0.0,6.3,,,0.0,,,,0.0,0.0,,,376934000.0,0.0,127
119,CSAB4,Previdência e Seguros,Seguradoras,51.65,,,0.0,0.0,6.6,,,0.0,,,,0.0,0.0,,,396672000.0,0.0,128
120,CSAN3,"Petróleo, Gás e Biocombustíveis","Exploração, Refino e Distribuição",90.7,19.0,1.43,15507000000.0,10892900000.0,1.7,26.01,19.2,2.22,27.3,6.7,19.81,40.91,3.21,7.9,6.0,34847800000.0,28.23,129
121,CSMG3,Água e Saneamento,Água e Saneamento,13.74,7.7,0.59,3781140000.0,2975520000.0,21.7,6.28,4.2,2.15,45.0,15.3,4.0,6.4,0.81,12.6,12.1,5224680000.0,16.98,130
122,CSNA3,Siderurgia e Metalurgia,Siderurgia,36.5,15.5,3.56,35270700000.0,21542700000.0,0.0,8.56,6.59,2.73,36.4,14.3,06.01,13.35,5.11,38.3,19.0,50644600000.0,7.14,131
123,CSRN3,Energia Elétrica,Energia Elétrica,15.49,11.3,1.28,1703000000.0,1493000000.0,2.1,8.7,7.1,02.03,22.9,12.2,5.53,7.61,1.96,25.7,11.6,2603470000.0,7.91,132
124,CSRN5,Energia Elétrica,Energia Elétrica,15.05,11.3,1.28,1703000000.0,1493000000.0,2.3,8.54,6.97,02.03,22.9,12.2,5.37,7.4,1.9,25.7,11.6,2529510000.0,7.91,133
125,CSRN6,Energia Elétrica,Energia Elétrica,14.75,11.3,1.28,1703000000.0,1493000000.0,2.4,8.43,6.88,02.03,22.9,12.2,5.26,7.25,1.87,25.7,11.6,2479090000.0,7.91,134
126,CTKA3,"Tecidos, Vestuário e Calçados",Fios e Tecidos,24.79,4.6,-2.63,529043000.0,477848000.0,0.0,15.04,11.8,21.77,39.6,37.1,3.66,1.14,-0.77,-67.2,10.3,153822000.0,-32.37,135
127,CTKA4,"Tecidos, Vestuário e Calçados",Fios e Tecidos,16.75,4.6,-2.63,529043000.0,477848000.0,0.0,13.85,10.87,21.77,39.6,37.1,2.47,0.77,-0.52,-67.2,10.3,103934000.0,-32.37,136
128,CTNM3,"Tecidos, Vestuário e Calçados",Fios e Tecidos,10.85,-14.5,1.81,1515410000.0,1293740000.0,0.0,-40.0,32.44,-7.13,30.5,-20.9,-8.18,-1.52,0.4,-26.2,-1.1,332401000.0,27.27,137
129,CTNM4,"Tecidos, Vestuário e Calçados",Fios e Tecidos,5.0,-14.5,1.81,1515410000.0,1293740000.0,0.0,-35.59,28.86,-7.13,30.5,-20.9,-3.77,-0.7,0.18,-26.2,-1.1,153180000.0,27.27,138
130,CTSA3,"Tecidos, Vestuário e Calçados",Fios e Tecidos,2.6,6.4,0.83,236578000.0,220144000.0,1.2,20.45,20.44,-0.0,18.1,-0.0,11.62,-18086.1,01.01,-0.0,4.4,289377000.0,2.56,139
131,CTSA4,"Tecidos, Vestuário e Calçados",Fios e Tecidos,1.8,6.4,0.83,236578000.0,220144000.0,1.9,16.88,16.87,-0.0,18.1,-0.0,08.04,-12521.1,0.7,-0.0,4.4,200338000.0,2.56,140
132,CYRE3,Construção Civil,Incorporações,22.98,7.8,0.39,2434570000.0,549948000.0,7.9,17.78,16.7,4.12,32.5,44.1,16.78,5.57,1.47,26.3,5.8,9186090000.0,15.66,141
133,DASA3,Análises e Diagnósticos,Análises e Diagnósticos,146.0,21.3,1.51,5338820000.0,3824400000.0,0.2,610.94,83.48,-0.31,24.9,-2.1,579.38,-465.5,19.85,-4.3,1.1,70198800000.0,7.35,142
134,DIRR3,Construção Civil,Incorporações,11.6,5.1,0.87,1161720000.0,68012900.0,7.0,7.96,6.85,0.66,34.6,8.9,7.66,17.67,1.34,7.6,5.7,1779430000.0,8.66,143
135,DOHL3,"Tecidos, Vestuário e Calçados",Fios e Tecidos,31.0,3.3,0.04,23802000.0,-65237000.0,1.2,110.4,64.32,0.46,26.6,7.3,113.55,66.84,3.89,5.8,3.2,2345000000.0,7.97,144
136,DOHL4,"Tecidos, Vestuário e Calçados",Fios e Tecidos,05.09,3.3,0.04,23802000.0,-65237000.0,8.4,15.49,09.02,0.46,26.6,7.3,18.64,10.97,0.64,5.8,3.2,385033000.0,7.97,145
137,DTCY3,Serviços Diversos,Serviços Diversos,8.95,4.6,0.49,2941000.0,-628000.0,0.0,169.22,26.98,-0.2,32.9,-12.6,170.3,-44.04,16.58,-37.6,2.7,99622400.0,0.54,146
138,DTEX3,Madeira e Papel,Madeira,17.33,11.0,0.62,3205720000.0,1477310000.0,4.3,16.53,9.38,0.66,31.5,7.7,14.71,26.42,2.31,8.7,9.4,11988600000.0,7.5,147
139,EALT3,Máquinas e Equipamentos,Máq. e Equip. Industriais,16.5,24.1,0.65,117345000.0,72658000.0,0.3,21.22,13.02,0.93,24.3,8.2,17.74,17.69,02.07,11.7,5.5,371250000.0,7.98,148
140,EALT4,Máquinas e Equipamentos,Máq. e Equip. Industriais,4.75,24.1,0.65,117345000.0,72658000.0,1.3,8.58,5.27,0.93,24.3,8.2,5.11,05.09,0.6,11.7,5.5,106875000.0,7.98,149
141,ECOR3,Transporte,Exploração de Rodovias,10.44,9.0,13.5,9270400000.0,7041990000.0,0.0,9.89,6.88,0.51,39.5,7.0,4.48,20.61,8.49,41.2,13.0,5832820000.0,1.23,150
142,ECPR3,"Tecidos, Vestuário e Calçados",Fios e Tecidos,77.0,,,0.0,-1054000.0,0.0,-84.59,-84.79,-32.01,,0.0,-85.21,-2.41,01.04,-43.4,-0.6,146300000.0,73.72,151
143,ECPR4,"Tecidos, Vestuário e Calçados",Fios e Tecidos,74.96,,,0.0,-1054000.0,0.0,-82.34,-82.53,-32.01,,0.0,-82.95,-2.34,01.02,-43.4,-0.6,142424000.0,73.72,152
144,EEEL3,Energia Elétrica,Energia Elétrica,547.5,-4.0,0.28,764436000.0,88798000.0,3.6,8.61,8.14,39.68,60.0,27.0,8.47,13.8,1.97,14.3,12.6,5289400000.0,278.38,153
145,EEEL4,Energia Elétrica,Energia Elétrica,600.0,-4.0,0.28,764436000.0,88798000.0,3.6,9.42,8.91,39.68,60.0,27.0,9.28,15.12,2.16,14.3,12.6,5796600000.0,278.38,154
146,EGIE3,Energia Elétrica,Energia Elétrica,38.91,17.6,2.17,16764100000.0,12225100000.0,4.4,8.48,7.21,3.43,44.6,22.8,6.12,11.35,4.1,36.1,17.4,31747700000.0,9.49,155
147,EKTR3,Energia Elétrica,Energia Elétrica,38.99,9.2,1.34,4000000000.0,3080000000.0,1.6,9.79,08.03,03.06,19.4,8.7,6.96,12.76,2.53,19.9,14.5,7554660000.0,15.39,156
148,EKTR4,Energia Elétrica,Energia Elétrica,22.8,9.2,1.34,4000000000.0,3080000000.0,3.1,6.9,5.66,03.06,19.4,8.7,04.07,7.46,1.48,19.9,14.5,4417710000.0,15.39,157
149,ELET3,Energia Elétrica,Energia Elétrica,31.83,-18.2,0.68,51206700000.0,35732400000.0,9.6,6.76,5.88,5.13,78.5,24.7,3.94,6.21,0.66,10.6,7.7,49939100000.0,48.35,158
150,ELET5,Energia Elétrica,Energia Elétrica,71.23,-18.2,0.68,51206700000.0,35732400000.0,0.0,11.64,10.12,5.13,78.5,24.7,8.82,13.89,1.47,10.6,7.7,111755000000.0,48.35,159
151,ELET6,Energia Elétrica,Energia Elétrica,32.02,-18.2,0.68,51206700000.0,35732400000.0,10.5,6.78,5.9,5.13,78.5,24.7,3.96,6.25,0.66,10.6,7.7,50237200000.0,48.35,160
152,EMAE4,Energia Elétrica,Energia Elétrica,50.7,26.3,0.06,68061000.0,-431009000.0,15.1,42.24,35.91,03.03,18.6,25.5,54.86,16.71,1.77,10.6,3.0,1873210000.0,28.68,161
153,EMBR3,Material de Transporte,Material Aeronáutico e de Defesa,12.23,-14.7,1.62,25661000000.0,13340700000.0,0.0,-240.93,16.81,-6.05,10.5,-34.8,-97.42,-2.02,0.57,-28.3,-0.2,9055890000.0,21.34,162
154,ENAT3,"Petróleo, Gás e Biocombustíveis","Exploração, Refino e Distribuição",15.53,27.7,0.08,224381000.0,-1517900000.0,7.4,8.13,3.1,1.3,33.4,29.8,12.85,11.93,1.41,11.8,11.9,4127980000.0,11.04,163
155,ENBR3,Energia Elétrica,Energia Elétrica,18.05,12.2,0.89,9034890000.0,6145040000.0,2.6,5.96,4.83,2.48,24.1,11.4,3.82,7.26,01.08,14.9,11.4,10953600000.0,16.68,164
156,ENEV3,Energia Elétrica,Energia Elétrica,60.79,11.2,1.0,7299720000.0,4707710000.0,0.0,26.02,16.98,2.17,43.1,21.9,20.9,28.01,2.64,9.4,7.2,19226300000.0,23.01,165
157,ENGI11,Energia Elétrica,Energia Elétrica,41.57,13.7,2.81,19287200000.0,14181600000.0,0.7,11.37,7.78,4.6,17.3,9.1,5.86,09.05,2.2,24.3,7.1,15086300000.0,18.89,166
158,ENGI3,Energia Elétrica,Energia Elétrica,15.19,13.7,2.81,19287200000.0,14181600000.0,0.4,16.21,11.1,0.92,17.3,9.1,10.71,16.53,04.02,24.3,7.1,27563200000.0,3.78,167
159,ENGI4,Energia Elétrica,Energia Elétrica,6.66,13.7,2.81,19287200000.0,14181600000.0,0.8,10.2,6.98,0.92,17.3,9.1,4.69,7.25,1.76,24.3,7.1,12085000000.0,3.78,168
160,ENMT3,Energia Elétrica,Energia Elétrica,29.8,9.5,1.68,4416240000.0,2761610000.0,0.0,11.4,9.0,2.65,21.1,12.1,08.01,11.24,2.48,22.1,11.6,6524470000.0,12.02,169
161,ENMT4,Energia Elétrica,Energia Elétrica,34.0,9.5,1.68,4416240000.0,2761610000.0,1.7,12.53,9.9,2.65,21.1,12.1,9.14,12.83,2.83,22.1,11.6,7444030000.0,12.02,170
162,EQMA3B,Energia Elétrica,Energia Elétrica,42.01,6.5,0.77,2476770000.0,654468000.0,6.9,7.85,6.55,04.01,33.1,17.2,7.17,10.49,2.14,20.4,17.1,6897370000.0,19.67,171
163,EQPA3,Energia Elétrica,Energia Elétrica,3.4,7.0,1.19,4325660000.0,1732260000.0,8.2,6.5,5.27,0.31,31.7,12.0,5.28,11.05,02.07,18.7,15.3,7510850000.0,1.64,172
164,EQPA5,Energia Elétrica,Energia Elétrica,05.03,7.0,1.19,4325660000.0,1732260000.0,5.0,09.03,7.33,0.31,31.7,12.0,7.81,16.35,03.06,18.7,15.3,11111600000.0,1.64,173
165,EQPA7,Energia Elétrica,Energia Elétrica,05.05,7.0,1.19,4325660000.0,1732260000.0,5.5,09.06,7.35,0.31,31.7,12.0,7.84,16.42,03.07,18.7,15.3,11155800000.0,1.64,175
166,EQTL3,Energia Elétrica,Energia Elétrica,20.58,27.5,1.77,17245700000.0,10227800000.0,1.6,5.69,05.07,2.86,34.6,18.1,3.82,7.21,2.14,29.7,16.3,20796300000.0,9.62,176
167,ESTR4,Viagens e Lazer,Brinquedos e Jogos,26.0,-7.7,-0.12,60369000.0,56789000.0,0.0,-8.4,-11.48,-29.01,47.6,-22.1,-2.27,-0.9,-0.04,4.8,-4.2,21008000.0,-601.63,177
168,ETER3,Construção e Engenharia,Produtos para Construção,12.93,-6.7,0.31,66388000.0,-14787000.0,0.0,7.73,6.29,03.07,33.3,23.2,7.91,4.21,3.11,73.9,14.0,668171000.0,4.16,178
169,EUCA3,Madeira e Papel,Madeira,21.49,4.8,0.36,519696000.0,440302000.0,0.9,13.74,7.93,1.0,31.8,6.3,11.25,21.45,1.38,6.4,7.5,1990380000.0,15.57,179
170,EUCA4,Madeira e Papel,Madeira,7.39,4.8,0.36,519696000.0,440302000.0,3.0,6.36,3.67,1.0,31.8,6.3,3.87,7.38,0.47,6.4,7.5,684454000.0,15.57,180
171,EVEN3,Construção Civil,Incorporações,9.9,-2.0,0.52,958231000.0,-386906000.0,1.5,10.03,9.6,0.63,25.9,10.0,12.3,15.6,1.14,7.3,4.1,2098800000.0,8.68,181
172,FESA3,Siderurgia e Metalurgia,Siderurgia,35.57,9.7,0.3,528659000.0,246325000.0,2.4,10.77,6.88,0.79,27.4,4.3,9.98,45.03,1.78,4.0,12.8,3141540000.0,19.99,184
173,FESA4,Siderurgia e Metalurgia,Siderurgia,29.14,9.7,0.3,528659000.0,246325000.0,3.2,8.96,5.73,0.79,27.4,4.3,8.18,36.89,1.46,4.0,12.8,2573640000.0,19.99,185
174,FHER3,Químicos,Fertilizantes e Defensivos,6.84,-29.3,-1.55,317640000.0,292016000.0,0.0,66.02,17.27,12.16,12.6,34.8,36.83,0.56,-1.8,-319.3,0.7,368382000.0,-3.81,186
175,FLRY3,Análises e Diagnósticos,Análises e Diagnósticos,24.44,9.4,01.09,1903720000.0,861916000.0,3.0,17.63,10.17,0.81,27.2,8.6,15.87,30.19,4.43,14.7,11.6,7756430000.0,5.52,189
176,FRAS3,Material de Transporte,Material Rodoviário,11.57,21.4,0.98,924350000.0,461470000.0,1.5,16.04,10.77,0.87,28.7,10.9,13.56,13.36,2.67,20.0,8.6,2517240000.0,4.34,190
177,FRIO3,Máquinas e Equipamentos,Máq. e Equip. Industriais,72.0,11.8,-17.27,1148070000.0,643832000.0,0.0,16.71,8.22,-37.05,17.4,-9.7,5.26,-1.94,-4.45,228.8,6.7,295704000.0,-16.19,191
178,FRTA3,Agropecuária,Agricultura,4.99,-38.9,-0.95,61548000.0,60839000.0,0.0,-83.72,-347.18,1.46,39.2,26.2,-11.8,3.43,-0.15,-4.5,-2.9,9985520.0,-32.42,192
179,GEPA3,Energia Elétrica,Energia Elétrica,38.6,1.9,0.58,1036350000.0,8405060.0,4.9,6.36,4.6,2.56,42.2,16.4,6.35,15.09,02.06,13.6,27.5,3645110000.0,18.76,194
180,GEPA4,Energia Elétrica,Energia Elétrica,36.81,1.9,0.58,1036350000.0,8405060.0,5.1,06.07,4.39,2.56,42.2,16.4,06.06,14.39,1.96,13.6,27.5,3476080000.0,18.76,195
181,GFSA3,Construção Civil,Incorporações,4.5,-33.6,0.49,745498000.0,114838000.0,0.0,88.74,58.79,-0.19,24.7,-14.2,81.8,-23.13,0.9,-3.9,0.6,1353040000.0,05.02,196
182,GGBR3,Siderurgia e Metalurgia,Siderurgia,22.15,3.8,0.57,17515400000.0,9857000000.0,1.3,10.9,07.01,1.38,13.5,5.5,8.66,16.1,1.23,7.7,8.8,38090400000.0,17.95,197
183,GGBR4,Siderurgia e Metalurgia,Siderurgia,26.96,3.8,0.57,17515400000.0,9857000000.0,1.1,12.78,8.22,1.38,13.5,5.5,10.54,19.6,1.5,7.7,8.8,46362000000.0,17.95,198
184,GOAU3,Siderurgia e Metalurgia,Siderurgia,10.56,3.8,1.5,17515400000.0,8402540000.0,1.5,4.53,2.91,0.8,13.5,5.4,2.62,13.15,0.98,7.5,8.7,11481300000.0,10.76,199
185,GOAU4,Siderurgia e Metalurgia,Siderurgia,12.14,3.8,1.5,17515400000.0,8402540000.0,1.3,4.92,3.16,0.8,13.5,5.4,03.01,15.12,1.13,7.5,8.7,13199100000.0,10.76,200
186,GOLL4,Transporte,Transporte Aéreo,19.58,-0.9,-0.7,10283700000.0,9385340000.0,0.0,-58.14,9.93,-15.89,21.1,-66.6,-24.77,-1.23,-0.47,38.3,-2.7,6967430000.0,-41.48,201
187,GPAR3,Energia Elétrica,Energia Elétrica,68.0,-12.8,0.1,109096000.0,-79269000.0,1.3,70.19,69.0,1.41,53.8,51.4,71.26,48.09,4.65,9.7,5.6,5299100000.0,14.61,202
188,GPCP3,Químicos,Petroquímicos,20.0,22.9,0.5,137273000.0,90994000.0,0.3,12.25,8.85,3.13,21.0,13.1,10.69,6.38,2.28,35.7,7.9,626760000.0,8.78,203
189,GPIV33,Serviços Financeiros Diversos,Gestão de Recursos e Investimentos,3.55,-21.5,0.09,113350000.0,-781278000.0,0.0,0.42,0.42,-3.67,100.0,144.5,-0.42,-0.97,0.29,-30.4,-46.1,389598000.0,12.04,204
190,GRND3,"Tecidos, Vestuário e Calçados",Calçados,7.56,-2.3,0.02,100777000.0,-1402090000.0,2.2,14.84,11.75,0.45,46.1,21.4,18.68,16.83,1.61,9.6,11.8,6820330000.0,4.69,205
191,GSHP3,Exploração de Imóveis,Exploração de Imóveis,46.21,-22.3,-3.17,1856640000.0,1605040000.0,0.0,164.02,133.44,-279.55,66.6,-575.7,8.63,-0.17,-0.15,92.1,0.7,89128400.0,-303.62,206
192,GUAR3,Comércio,"Tecidos, Vestuário e Calçados",12.56,4.0,0.93,4503560000.0,1164940000.0,3.2,-75.62,18.41,0.09,55.8,0.7,-63.77,138.19,1.29,0.9,-1.1,6269950000.0,9.73,207
193,HAGA3,Construção e Engenharia,Produtos para Construção,2.85,-2.2,-0.51,38840100.0,3817920.0,0.0,-217.87,25.16,0.41,27.3,19.1,-195.83,07.01,-0.44,-6.3,-0.8,33915000.0,-6.42,208
194,HAGA4,Construção e Engenharia,Produtos para Construção,1.83,-2.2,-0.51,38840100.0,3817920.0,0.0,-147.79,17.06,0.41,27.3,19.1,-125.74,4.5,-0.29,-6.3,-0.8,21777000.0,-6.42,209
195,HBOR3,Construção Civil,Incorporações,7.89,10.9,1.29,1611740000.0,953706000.0,0.0,-172.32,-924.04,-0.2,13.7,-1.2,-90.55,-39.7,0.85,-2.1,-0.3,1056080000.0,9.32,210
196,HBTS5,Exploração de Imóveis,Exploração de Imóveis,28.4,4.3,0.45,131990000.0,123152000.0,0.2,-45.41,-52.59,-1.58,71.4,-20.5,-30.79,-18.0,0.88,-4.9,-0.7,259397000.0,32.25,211
197,HETA4,Utilidades Domésticas,Utensílios Domésticos,8.59,-20.4,-0.85,324582000.0,324582000.0,0.0,329.95,329.95,0.82,100.0,32.5,4.39,10.51,-0.01,-0.1,9.4,4380900.0,-750.28,212
198,HGTX3,"Tecidos, Vestuário e Calçados",Vestuário,15.01,-6.2,0.18,291426000.0,-176416000.0,2.9,65.09,18.31,2.11,39.1,31.9,70.16,7.11,1.5,21.1,2.2,2439640000.0,9.98,213
199,HOOT4,Hoteis e Restaurantes,Hotelaria,2.66,-24.4,-0.0,951000.0,-3509000.0,0.0,-0.3,-0.32,-9.36,54.5,-318.6,-0.32,-0.28,-0.12,41.0,-34.0,48869500.0,-22.84,214
200,HYPE3,Comércio e Distribuição,Medicamentos e Outros Produtos,30.52,3.4,0.6,5513050000.0,769751000.0,3.8,18.87,16.94,02.04,64.3,31.7,18.15,14.93,02.09,14.0,8.7,19332000000.0,14.59,215
203,IGBR3,Exploração de Imóveis,Exploração de Imóveis,12.2,-23.9,-0.98,904232000.0,904148000.0,0.0,,,0.0,,,,0.0,-0.17,,,152561000.0,-73.87,218
204,IGTA3,Exploração de Imóveis,Exploração de Imóveis,31.11,1.1,1.1,3454530000.0,1883330000.0,0.7,23.32,15.85,1.15,59.3,29.9,17.36,27.17,1.75,6.4,6.0,5494400000.0,17.77,219
205,INEP3,Máquinas e Equipamentos,Máq. e Equip. Industriais,26.39,-51.5,-0.34,736340000.0,735845000.0,0.0,-3.25,-3.38,-51.86,19.5,-5674.0,-0.74,-0.51,-0.1,19.6,-23.1,216836000.0,-264.22,220
206,INEP4,Máquinas e Equipamentos,Máq. e Equip. Industriais,24.71,-51.5,-0.34,736340000.0,735845000.0,0.0,-3.2,-3.33,-51.86,19.5,-5674.0,-0.69,-0.48,-0.09,19.6,-23.1,203032000.0,-264.22,221
207,ITSA3,Intermediários Financeiros,Bancos,10.84,4.7,0.1,5701000000.0,1341000000.0,2.1,141.03,72.11,0.84,31.5,124.9,138.98,12.92,1.59,12.3,1.0,91173200000.0,6.82,222
208,ITSA4,Intermediários Financeiros,Bancos,9.96,4.7,0.1,5701000000.0,1341000000.0,2.2,129.75,66.34,0.84,31.5,124.9,127.7,11.87,1.46,12.3,1.0,83771700000.0,6.82,223
209,ITUB3,Intermediários Financeiros,Bancos,23.96,-30.0,,,,2.1,,,1.93,,0.0,,12.39,1.72,13.9,,234907000000.0,13.94,224
210,ITUB4,Intermediários Financeiros,Bancos,26.75,-30.0,,,,1.8,,,1.93,,0.0,,13.83,1.92,13.9,,262261000000.0,13.94,225
211,JBDU3,Outros,Outros,2.22,,0.09,5719000.0,5718000.0,0.0,-4.64,-4.64,-0.86,,0.0,-3.06,-2.58,0.17,-6.8,-1.9,11142200.0,12.7,226
212,JBDU4,Outros,Outros,1.18,,0.09,5719000.0,5718000.0,0.0,-3.2,-3.2,-0.86,,0.0,-1.63,-1.37,0.09,-6.8,-1.9,5922420.0,12.7,227
213,JBSS3,Alimentos Processados,Carnes e Derivados,27.2,9.4,1.87,73797900000.0,51464800000.0,2.1,6.31,4.59,1.15,17.0,1.3,3.66,23.67,1.81,7.6,16.0,71355800000.0,15.04,228
214,JFEN3,Construção Civil,Incorporações,4.33,-34.3,-2.06,585462000.0,575866000.0,0.0,-5.12,-5.18,-4.55,-49.8,-249.5,-2.26,-0.95,-1.6,168.3,-16.3,455533000.0,-2.7,229
215,JHSF3,Construção Civil,Incorporações,6.4,32.4,0.42,1567190000.0,525917000.0,2.2,7.69,7.39,0.93,69.2,54.6,6.87,6.85,1.18,17.2,10.5,4409760000.0,5.44,230
216,JOPA3,Alimentos Processados,Alimentos Diversos,31.0,6.2,1.88,1013700000.0,595292000.0,0.9,6.15,5.54,4.53,30.8,3.7,2.18,6.84,0.61,8.9,9.5,328042000.0,51.05,231
217,JOPA4,Alimentos Processados,Alimentos Diversos,32.06,6.2,1.88,1013700000.0,595292000.0,1.0,6.22,5.61,4.53,30.8,3.7,2.26,07.08,0.63,8.9,9.5,339259000.0,51.05,232
218,JPSA3,Exploração de Imóveis,Exploração de Imóveis,22.17,2.2,1.9,3038370000.0,1927880000.0,0.5,11.63,8.12,01.07,62.9,29.6,5.85,20.75,1.22,5.9,6.3,1948500000.0,18.24,233
219,KEPL3,Máquinas e Equipamentos,Máq. e Equip. Industriais,43.55,7.2,0.03,17196000.0,-264318000.0,1.3,12.73,09.04,2.57,24.2,10.1,16.55,16.94,2.21,13.1,11.7,1145890000.0,19.67,234
220,KLBN3,Madeira e Papel,Papel e Celulose,06.02,13.3,6.91,26339000000.0,19782300000.0,0.0,18.71,10.21,-0.44,39.5,-20.0,11.8,-13.59,8.88,-65.3,10.7,33819700000.0,0.68,235
221,KLBN4,Madeira e Papel,Papel e Celulose,5.9,13.3,6.91,26339000000.0,19782300000.0,0.0,18.47,10.09,-0.44,39.5,-20.0,11.57,-13.32,8.7,-65.3,10.7,33145600000.0,0.68,236
222,LAME3,Comércio,Produtos Diversos,20.49,4.4,1.79,22008700000.0,377528000.0,1.0,22.13,11.74,0.21,33.5,1.5,21.91,98.04,3.14,3.2,9.3,38629200000.0,6.53,237
223,LAME4,Comércio,Produtos Diversos,22.27,4.4,1.79,22008700000.0,377528000.0,1.0,24.03,12.75,0.21,33.5,1.5,23.82,106.56,3.41,3.2,9.3,41985000000.0,6.53,238
224,LCAM3,Diversos,Aluguel de carros,22.52,73.0,1.7,7113790000.0,3423260000.0,2.1,19.16,11.22,0.76,24.9,6.9,14.75,29.71,2.74,9.2,9.2,11456600000.0,8.23,239
225,LEVE3,Automóveis e Motocicletas,Automóveis e Motocicletas,17.18,0.8,0.48,639025000.0,92326000.0,3.2,8.54,6.17,0.7,23.6,3.9,8.2,24.54,1.65,6.7,13.6,2204330000.0,10.43,240
226,LIGT3,Energia Elétrica,Energia Elétrica,17.88,6.6,1.49,10148500000.0,7179130000.0,0.0,26.47,12.41,-0.29,19.2,-0.9,12.74,-61.43,0.98,-1.6,2.6,6661290000.0,18.28,241
227,LINX3,Programas e Serviços,Programas e Serviços,37.36,15.8,0.31,515444000.0,-242232000.0,0.3,49.49,23.53,-0.03,66.8,-0.6,51.25,-1486.0,4.2,-0.3,7.2,7076320000.0,8.89,242
228,LIPR3,Energia Elétrica,Energia Elétrica,67.0,,,0.0,-90665000.0,0.0,39.58,39.58,2.77,,0.0,44.72,24.16,3.95,16.3,12.7,788255000.0,16.98,243
229,LLIS3,Comércio,"Tecidos, Vestuário e Calçados",3.94,-12.7,2.61,1622480000.0,1564140000.0,0.0,-4.76,-9.97,-6.4,31.9,-284.4,-0.7,-0.62,0.44,-71.0,-16.6,271273000.0,09.02,244
230,LOGN3,Transporte,Transporte Hidroviário,13.82,6.0,6.67,1447560000.0,744591000.0,0.0,24.07,11.16,-1.01,16.7,-10.0,15.93,-13.63,6.72,-49.3,7.2,1457860000.0,02.06,245
231,LPSB3,Exploração de Imóveis,Intermediação Imobiliária,3.33,2.0,0.02,3500000.0,-136697000.0,0.0,10.79,6.66,-0.1,85.8,-2.1,14.95,-33.25,2.97,-8.9,14.3,491357000.0,1.12,246
232,LREN3,Comércio,"Tecidos, Vestuário e Calçados",38.0,5.8,0.62,3384980000.0,712626000.0,0.9,32.25,17.68,1.38,57.2,14.5,31.5,27.6,5.5,19.9,9.1,30254500000.0,6.91,247
233,LUPA3,"Petróleo, Gás e Biocombustíveis",Equipamentos e Serviços,02.02,-9.6,4.41,179246000.0,166291000.0,0.0,-5.99,-7.34,-4.97,56.4,1281.1,-1.47,-0.41,1.33,-326.4,-7.7,53903700.0,1.52,248
234,LUXM3,Transporte,Transporte Hidroviário,10.0,6.4,0.28,27205000.0,6042000.0,0.0,4.43,1.97,2.27,25.9,10.9,3.97,4.41,0.54,12.2,9.9,51960000.0,18.64,249
235,LUXM4,Transporte,Transporte Hidroviário,69.0,6.4,0.28,27205000.0,6042000.0,6.8,27.85,12.4,2.27,25.9,10.9,27.39,30.46,3.7,12.2,9.9,358524000.0,18.64,250
236,MAPT3,Outros,Outros,50.01,,,0.0,0.0,0.0,-300.39,-300.39,-0.19,,0.0,-300.39,-264.13,-8.03,3.0,-19.9,45959200.0,-6.23,251
237,MAPT4,Outros,Outros,50.0,,,0.0,0.0,0.0,-300.33,-300.33,-0.19,,0.0,-300.33,-264.08,-8.02,3.0,-19.9,45950000.0,-6.23,252
238,MDIA3,Alimentos Processados,Alimentos Diversos,29.43,8.2,0.25,1650340000.0,327539000.0,1.6,14.75,10.83,2.42,35.0,11.3,14.28,12.17,1.53,12.6,8.6,9976770000.0,19.18,253
239,MEAL3,Hoteis e Restaurantes,Restaurante e Similares,03.09,-0.9,0.46,571374000.0,38590000.0,0.0,-5.55,-107.63,-1.6,25.4,-37.3,-5.32,-1.93,0.71,-36.6,-8.5,884883000.0,4.38,254
240,MEND6,,,9.5,-28.3,-0.84,9796380000.0,9796380000.0,0.0,-31611.2,59247.4,-73.23,60.7,-61775.8,-312.89,-0.13,-0.01,6.5,-0.0,97935500.0,-1133.26,255
241,MERC3,Intermediários Financeiros,Soc. Crédito e Financiamento,31.2,-24.8,,,,0.0,,,0.49,,0.0,,64.18,2.27,3.5,,561912000.0,13.75,256
242,MERC4,Intermediários Financeiros,Soc. Crédito e Financiamento,11.12,-24.8,,,,4.4,,,0.49,,0.0,,22.88,0.81,3.5,,200271000.0,13.75,257
243,MGEL4,Siderurgia e Metalurgia,Artefatos de Ferro e Aço,9.14,6.0,-1.59,767153000.0,648023000.0,0.0,14.27,10.3,-18.56,15.8,-19.5,01.08,-0.49,-0.11,22.3,21.3,52858600.0,-83.32,259
244,MGLU3,Comércio,Eletrodomésticos,23.1,31.6,0.23,1686760000.0,-1216390000.0,0.2,199.07,102.66,0.06,25.8,1.3,200.7,383.26,20.49,5.3,5.6,150125000000.0,1.13,260
245,MILS3,Construção e Engenharia,Serviços Diversos,05.07,5.4,0.16,177345000.0,-84873000.0,0.0,-88.65,8.53,-0.11,36.0,-4.8,-94.96,-44.48,1.17,-2.6,-1.2,1277420000.0,4.35,261
246,MMXM3,Mineração,Minerais Metálicos,15.31,-9.8,-0.32,267027000.0,266959000.0,0.0,-62.67,-62.67,-17.64,-2.3,-44813.3,-16.99,-0.87,-0.12,13.7,-7.6,99331300.0,-128.51,264
247,MNDL3,"Tecidos, Vestuário e Calçados",Acessórios,23.47,4.5,-0.96,149591000.0,145337000.0,0.0,5.24,3.97,-6.4,33.5,-3.3,1.5,-3.67,-0.37,10.2,3.9,58205600.0,-62.97,265
248,MNPR3,Alimentos Processados,Carnes e Derivados,6.9,4.8,-0.0,724000.0,255000.0,0.0,0.96,0.86,-2.02,29.4,-5.8,0.95,-3.42,-0.13,3.9,22.7,48990000.0,-51.89,266
249,MOAR3,Holdings Diversificadas,Holdings Diversificadas,227.99,77.8,0.31,274487000.0,-237546000.0,2.4,-53.84,-54.79,-6.16,0.4,-68.1,-58.85,-37.03,3.14,-8.5,-5.0,2793110000.0,72.63,267
250,MRFG3,Alimentos Processados,Carnes e Derivados,15.64,41.4,13.13,27499600000.0,15742100000.0,0.0,3.28,2.8,4.64,17.4,6.7,1.36,3.37,5.31,157.6,32.8,11125800000.0,2.94,268
251,MRSA3B,Transporte,Transporte Ferroviário,51.09,0.0,0.74,3170880000.0,1678150000.0,0.0,30.8,11.5,0.85,26.3,8.8,28.08,59.78,04.03,6.7,6.9,17370600000.0,12.67,269
252,MRVE3,Construção Civil,Incorporações,16.38,12.0,0.82,4651530000.0,3570830000.0,3.3,14.5,12.74,1.14,28.2,9.3,9.99,14.38,1.39,9.7,4.8,7909490000.0,11.75,270
253,MSPA3,Madeira e Papel,Papel e Celulose,48.0,-29.0,0.11,89290000.0,45849000.0,0.0,-7.16,-8.13,-9.55,24.0,-59.8,-6.23,-5.03,0.37,-7.3,-3.6,307440000.0,130.66,271
254,MSPA4,Madeira e Papel,Papel e Celulose,42.1,-29.0,0.11,89290000.0,45849000.0,0.0,-6.39,-7.26,-9.55,24.0,-59.8,-5.46,-4.41,0.32,-7.3,-3.6,269650000.0,130.66,272
255,MTIG3,Embalagens,Embalagens,5.21,-3.6,2.51,69820600.0,68634700.0,0.0,-9.28,-20.5,49.07,11.8,9.7,-0.17,0.11,0.05,42.5,-5.9,1255610.0,115.43,273
256,MTIG4,Embalagens,Embalagens,53.0,-3.6,2.51,69820600.0,68634700.0,0.0,-10.81,-23.88,49.07,11.8,9.7,-1.7,01.08,0.46,42.5,-5.9,12773000.0,115.43,274
257,MTSA4,Máquinas e Equipamentos,Máq. e Equip. Construção e Agrícolas,28.22,10.9,0.18,49445300.0,-61931000.0,2.7,6.6,5.12,5.31,28.3,14.7,8.68,5.32,0.92,17.4,11.2,257854000.0,30.54,275
258,MULT3,Exploração de Imóveis,Exploração de Imóveis,20.5,0.7,0.5,3121300000.0,1897880000.0,2.2,24.98,17.93,1.6,74.6,89.1,21.64,12.77,1.98,15.5,6.2,12315600000.0,10.37,276
259,MWET3,Material de Transporte,Material Rodoviário,37.01,7.5,-0.34,77293000.0,73700000.0,0.0,-21.42,-58.16,-12.74,12.2,-18.2,-10.89,-2.9,-0.34,11.7,-4.8,76166600.0,-109.16,277
260,MWET4,Material de Transporte,Material Rodoviário,06.05,7.5,-0.34,77293000.0,73700000.0,0.0,-12.32,-33.43,-12.74,12.2,-18.2,-1.78,-0.47,-0.06,11.7,-4.8,12450900.0,-109.16,278
261,MYPK3,Automóveis e Motocicletas,Automóveis e Motocicletas,12.55,8.3,1.48,5120390000.0,3514950000.0,5.3,3259.93,9.75,-3.2,6.5,-4.8,1155.19,-3.92,0.56,-14.2,0.0,1929190000.0,22.52,279
262,NORD3,Máquinas e Equipamentos,Máq. e Equip. Industriais,21.5,56.2,-0.27,37280000.0,37039000.0,0.0,-254.82,-254.82,0.05,91.8,21.2,-202.2,424.93,-1.02,-0.2,-4.2,142352000.0,-21.13,280
263,NUTR3,Químicos,Fertilizantes e Defensivos,279.99,24.1,0.57,9136000.0,7262000.0,0.0,15.01,12.8,323.49,21.9,59.7,12.48,0.87,2.22,256.1,4.5,35838700.0,126.31,281
264,ODPV3,Análises e Diagnósticos,Análises e Diagnósticos,13.08,7.7,,0.0,-736846000.0,3.9,10.76,10.32,0.68,59.6,20.4,12.04,19.24,5.78,30.0,49.7,6949340000.0,2.26,282
265,OIBR3,Telecomunicações,Telecomunicações,1.79,-8.0,4.5,26928800000.0,21274900000.0,0.0,-19.68,06.08,-2.45,21.7,-77.2,-6.57,-0.73,1.78,-243.9,-2.6,10658000000.0,1.0,283
266,OIBR4,Telecomunicações,Telecomunicações,2.2,-8.0,4.5,26928800000.0,21274900000.0,0.0,-21.18,6.54,-2.45,21.7,-77.2,-8.07,-0.9,2.19,-243.9,-2.6,13099300000.0,1.0,284
267,OSXB3,"Petróleo, Gás e Biocombustíveis",Equipamentos e Serviços,16.5,2.5,-0.93,4458560000.0,4457760000.0,0.0,-596.36,-308.04,-156.78,95.5,-4821.2,-6.87,-0.11,-0.01,10.2,-0.4,51942000.0,-1531.03,285
268,PATI3,Siderurgia e Metalurgia,Artefatos de Ferro e Aço,36.0,19.0,0.66,398203000.0,-32373000.0,0.5,3.87,3.65,9.99,17.5,12.7,04.07,3.6,01.09,30.2,24.7,657720000.0,33.09,286
269,PATI4,Siderurgia e Metalurgia,Artefatos de Ferro e Aço,45.0,19.0,0.66,398203000.0,-32373000.0,3.1,4.89,4.61,9.99,17.5,12.7,05.09,4.51,1.36,30.2,24.7,822150000.0,33.09,287
270,PCAR3,Comércio e Distribuição,Alimentos,22.85,6.8,0.67,9151000000.0,439999000.0,2.5,1.49,01.02,8.12,26.8,4.5,1.39,2.81,0.45,15.9,13.3,6131840000.0,51.03,288
271,PDGR3,Construção Civil,Incorporações,4.73,-16.5,-0.32,1721350000.0,1591580000.0,0.0,-20.6,-21.26,-100.7,13.1,-395.3,-0.48,-0.05,-0.01,15.1,-5.1,38156900.0,-667.98,289
272,PEAB3,Holdings Diversificadas,Holdings Diversificadas,63.99,9.4,,0.0,-600049000.0,50.2,,,0.0,,,,0.0,0.86,,,822271000.0,74.62,290
273,PEAB4,Holdings Diversificadas,Holdings Diversificadas,64.48,9.4,,0.0,-600049000.0,54.8,,,0.0,,,,0.0,0.86,,,828568000.0,74.62,291
274,PETR3,"Petróleo, Gás e Biocombustíveis","Exploração, Refino e Distribuição",21.0,-0.1,1.27,392548000000.0,328268000000.0,1.1,6.45,3.84,0.54,45.6,2.3,2.93,38.54,0.89,2.3,10.5,273934000000.0,23.64,292
275,PETR4,"Petróleo, Gás e Biocombustíveis","Exploração, Refino e Distribuição",21.1,-0.1,1.27,392548000000.0,328268000000.0,0.0,6.46,3.85,0.54,45.6,2.3,2.95,38.72,0.89,2.3,10.5,275239000000.0,23.64,293
276,PFRM3,Comércio e Distribuição,Medicamentos e Outros Produtos,5.71,7.6,0.71,724070000.0,202709000.0,0.0,4.42,2.67,0.36,14.4,0.9,3.43,16.06,0.69,4.3,9.5,706972000.0,8.23,294
277,PINE4,Intermediários Financeiros,Bancos,02.07,23.1,,,,0.0,,,-0.43,,0.0,,-4.82,0.39,-8.0,,306687000.0,5.35,295
278,PLAS3,Automóveis e Motocicletas,Automóveis e Motocicletas,4.44,1.5,-0.97,183789000.0,150108000.0,0.0,-2.58,-11.1,-9.42,-1.3,-31.7,-0.69,-0.47,-0.29,61.8,-14.9,55167000.0,-15.23,296
279,PMAM3,Siderurgia e Metalurgia,Artefatos de Cobre,8.59,2.7,-14.55,2889200000.0,2721010000.0,0.0,168.39,17.86,-19.85,3.0,-20.1,20.29,-0.43,-1.88,433.9,0.5,372840000.0,-4.58,297
280,PNVL3,Comércio e Distribuição,Medicamentos e Outros Produtos,18.21,7.8,0.72,721096000.0,141305000.0,0.7,34.02,14.84,0.37,28.2,2.0,32.36,49.14,2.75,5.6,6.6,2758450000.0,6.63,298
281,PNVL4,Comércio e Distribuição,Medicamentos e Outros Produtos,17.06,7.8,0.72,721096000.0,141305000.0,0.9,31.97,13.95,0.37,28.2,2.0,30.31,46.04,2.57,5.6,6.6,2584250000.0,6.63,299
282,POMO3,Material de Transporte,Material Rodoviário,2.43,11.3,0.8,2030790000.0,987213000.0,1.9,16.41,11.09,0.11,16.6,2.5,11.48,22.15,0.9,4.1,4.5,2300950000.0,2.7,300
283,POMO4,Material de Transporte,Material Rodoviário,2.5,11.3,0.8,2030790000.0,987213000.0,1.8,16.74,11.32,0.11,16.6,2.5,11.81,22.79,0.93,4.1,4.5,2367230000.0,2.7,301
284,POSI3,Computadores e Equipamentos,Computadores e Equipamentos,3.97,1.4,0.84,784894000.0,238719000.0,0.8,60.85,12.5,0.34,20.4,2.7,42.73,11.82,0.6,5.1,0.9,562946000.0,6.57,302
285,PRIO3,"Petróleo, Gás e Biocombustíveis","Exploração, Refino e Distribuição",95.0,53.1,0.8,2535820000.0,1703750000.0,0.0,65.85,16.72,2.58,32.4,23.8,59.75,36.86,5.3,14.4,4.9,16688300000.0,17.93,303
286,PSSA3,Previdência e Seguros,Seguradoras,42.95,3.6,,0.0,-10480300000.0,5.0,0.23,0.23,5.22,100.0,9.1,0.94,8.23,1.55,18.8,56.5,13885400000.0,27.74,304
287,PTBL3,Construção e Engenharia,Produtos para Construção,09.02,4.3,1.78,750026000.0,460797000.0,1.7,42.98,18.57,0.66,32.6,8.3,32.3,13.6,3.31,24.3,2.8,1393850000.0,2.73,305
288,PTNT3,"Tecidos, Vestuário e Calçados",Fios e Tecidos,8.22,5.0,0.92,245243000.0,101236000.0,0.0,20.57,8.69,0.4,14.3,4.9,16.37,20.77,1.48,7.1,4.7,394942000.0,5.56,306
289,PTNT4,"Tecidos, Vestuário e Calçados",Fios e Tecidos,4.64,5.0,0.92,245243000.0,101236000.0,0.0,13.44,5.68,0.4,14.3,4.9,9.24,11.73,0.83,7.1,4.7,222936000.0,5.56,307
290,QUAL3,Análises e Diagnósticos,Análises e Diagnósticos,32.31,0.6,0.76,1339620000.0,355047000.0,0.9,12.25,8.16,1.39,81.0,19.4,11.79,23.33,5.17,22.2,31.9,9176490000.0,6.25,308
291,RADL3,Comércio e Distribuição,Medicamentos e Outros Produtos,22.28,15.7,0.42,1732010000.0,1131800000.0,0.6,40.81,19.18,0.25,29.4,2.2,39.59,90.06,8.82,9.8,9.2,36805000000.0,2.53,309
292,RANI3,Madeira e Papel,Papel e Celulose,5.88,6.3,0.75,588247000.0,242015000.0,1.6,10.68,7.26,0.36,31.6,9.0,9.2,16.27,1.92,11.8,12.1,1509520000.0,03.06,310
293,RAPT3,Material de Transporte,Material Rodoviário,9.91,21.9,1.75,3587610000.0,1144700000.0,2.4,08.01,06.09,1.92,25.2,15.5,6.0,5.16,1.67,32.5,10.1,3426640000.0,5.92,311
294,RAPT4,Material de Transporte,Material Rodoviário,12.65,21.9,1.75,3587610000.0,1144700000.0,1.9,9.67,7.35,1.92,25.2,15.5,7.66,6.58,2.14,32.5,10.1,4374070000.0,5.92,312
295,RCSL4,Material de Transporte,Material Rodoviário,1.37,761.9,-0.0,141000.0,-1115000.0,0.0,146.8,70.58,-0.02,19.8,-4.8,148.4,-76.05,-1.61,2.1,1.7,103878000.0,-0.85,313
296,RDNI3,Construção Civil,Incorporações,8.76,-6.6,0.73,443194000.0,353464000.0,0.1,91.5,57.65,-0.14,24.4,-1.4,47.61,-62.07,0.63,-1.0,0.6,383425000.0,13.83,314
297,REDE3,Energia Elétrica,Energia Elétrica,9.4,8.2,2.32,9008900000.0,5569940000.0,1.0,15.25,11.08,0.32,21.1,8.8,11.91,29.23,5.12,17.5,10.1,19837000000.0,1.84,315
298,RENT3,Diversos,Aluguel de carros,55.12,24.7,1.73,10497700000.0,6531120000.0,0.6,27.98,20.19,1.38,28.1,10.2,24.2,39.89,6.91,17.3,11.7,41806700000.0,7.98,316
299,RNEW11,Energia Elétrica,Energia Elétrica,10.35,-36.7,-1.24,1681050000.0,1606590000.0,0.0,-39.32,-57.1,-33.23,53.1,-772.8,-3.23,-0.31,-0.11,34.2,-2.4,143934000.0,-97.15,317
300,RNEW3,Energia Elétrica,Energia Elétrica,3.9,-36.7,-1.24,1681050000.0,1606590000.0,0.0,-39.74,-57.71,-11.08,53.1,-772.8,-3.65,-0.35,-0.12,34.2,-2.4,162708000.0,-32.38,318
301,ROMI3,Máquinas e Equipamentos,Máq. e Equip. Industriais,24.39,12.1,0.66,536504000.0,213920000.0,9.0,20.11,14.68,2.38,30.7,18.0,17.96,10.25,2.2,21.5,7.5,1788620000.0,11.09,319
302,RPAD3,Intermediários Financeiros,Bancos,5.95,-17.3,,0.0,-21140000.0,0.0,-97.4,-97.4,0.4,94.8,35003.1,-101.67,14.84,0.49,3.3,-0.5,503858000.0,12.14,320
303,RPAD5,Intermediários Financeiros,Bancos,8.8,-17.3,,0.0,-21140000.0,6.2,-146.1,-146.1,0.4,94.8,35003.1,-150.36,21.95,0.72,3.3,-0.5,745202000.0,12.14,321
304,RPAD6,Intermediários Financeiros,Bancos,5.42,-17.3,,0.0,-21140000.0,0.0,-88.34,-88.34,0.4,94.8,35003.1,-92.61,13.52,0.45,3.3,-0.5,458976000.0,12.14,322
305,RPMG3,"Petróleo, Gás e Biocombustíveis","Exploração, Refino e Distribuição",2.84,12.1,,0.0,-19000.0,0.0,,,0.0,,,,0.0,-0.06,,,192245000.0,-45.46,323
306,RSID3,Construção Civil,Incorporações,9.7,-50.0,-1.89,1377250000.0,1327710000.0,0.0,-21.0,-22.86,-9.19,9.7,-303.9,-2.34,-1.06,-0.23,21.6,-4.4,166387000.0,-42.52,324
307,RSUL4,Material de Transporte,Material Rodoviário,191.0,13.6,0.73,13413000.0,8790000.0,0.0,3.86,3.29,41.9,35.9,13.9,3.57,4.56,06.07,133.2,14.7,111353000.0,31.45,325
308,SANB11,Intermediários Financeiros,Bancos,39.07,-6.0,,,,2.6,,,3.75,,,,10.42,0.0,,,146484000000.0,0.0,326
309,SANB3,Intermediários Financeiros,Bancos,18.67,-6.0,,,,2.6,,,1.87,,,,9.96,0.0,,,139998000000.0,0.0,327
310,SANB4,Intermediários Financeiros,Bancos,20.13,-6.0,,,,2.7,,,1.87,,,,10.74,0.0,,,150945000000.0,0.0,328
311,SAPR3,Água e Saneamento,Água e Saneamento,04.04,8.8,0.53,3647590000.0,2773270000.0,4.6,05.06,4.19,0.66,60.0,20.8,3.48,6.13,0.88,14.4,14.5,6105270000.0,4.59,329
312,SAPR4,Água e Saneamento,Água e Saneamento,3.96,8.8,0.53,3647590000.0,2773270000.0,5.1,4.99,4.14,0.66,60.0,20.8,3.41,06.01,0.86,14.4,14.5,5984370000.0,4.59,330
313,SBSP3,Água e Saneamento,Água e Saneamento,37.22,8.0,0.71,15380400000.0,13448800000.0,3.7,09.03,6.17,1.75,37.3,6.8,5.91,21.22,1.17,5.5,9.4,25440200000.0,31.74,331
314,SCAR3,Exploração de Imóveis,Exploração de Imóveis,34.56,-9.2,0.93,1438630000.0,997734000.0,0.2,14.03,11.47,1.51,80.2,26.2,9.35,22.85,1.29,5.6,8.1,1995390000.0,26.79,332
315,SEER3,Diversos,Serviços Educacionais,11.57,3.6,0.46,608965000.0,-95701100.0,2.8,6.76,3.69,0.32,53.4,3.2,7.22,36.38,1.12,3.1,9.4,1489310000.0,10.34,333
316,SGPS3,"Tecidos, Vestuário e Calçados",Fios e Tecidos,6.17,-19.4,0.83,941861000.0,750857000.0,0.0,20.19,7.94,-6.53,33.9,-23.7,5.88,-0.95,0.27,-28.7,1.9,308500000.0,22.76,334
317,SHOW3,Viagens e Lazer,Produção de Eventos e Shows,3.16,-33.1,0.63,160850000.0,-50896000.0,0.0,-3.4,-6.08,-0.85,13.2,-47.5,-4.46,-3.72,0.84,-22.5,-12.7,213025000.0,3.77,335
318,SHUL4,Máquinas e Equipamentos,"Motores, Compressores e Outros",13.4,17.6,0.93,687652000.0,244445000.0,2.3,16.38,11.01,1.59,23.0,13.5,13.6,8.44,1.61,19.1,7.2,1197210000.0,8.31,336
319,SLCE3,Agropecuária,Agricultura,42.65,21.3,0.9,2454020000.0,1374190000.0,2.3,14.5,12.33,02.05,26.1,11.4,12.4,20.84,2.99,14.4,10.8,8128880000.0,14.26,337
320,SLED3,Comércio,Produtos Diversos,0.89,-32.2,-0.83,285174000.0,252003000.0,0.0,-2.83,-6.42,-6.53,29.9,-114.3,-0.52,-0.14,-0.16,119.8,-35.3,56434900.0,-5.45,338
321,SLED4,Comércio,Produtos Diversos,0.51,-32.2,-0.83,285174000.0,252003000.0,0.0,-2.61,-5.92,-6.53,29.9,-114.3,-0.3,-0.08,-0.09,119.8,-35.3,32339100.0,-5.45,339
322,SMLS3,Diversos,Programas de Fidelização,20.12,-28.0,,0.0,-506642000.0,6.3,6.72,6.1,2.3,85.5,46.4,8.44,8.74,1.9,21.8,10.9,2498080000.0,10.57,340
323,SMTO3,Alimentos Processados,Açucar e Alcool,29.96,13.5,1.45,5853420000.0,4462150000.0,1.8,13.74,06.01,2.44,34.8,20.1,9.67,12.3,2.63,21.4,10.3,10606200000.0,11.4,341
324,SNSY5,Materiais Diversos,Materiais Diversos,5.43,7.6,-0.08,109255000.0,102263000.0,0.0,-2.43,-3.51,-18.55,14.0,-31.0,-0.71,-0.29,-0.03,10.8,-18.4,41897900.0,-172.54,342
325,SOND5,Construção e Engenharia,Engenharia Consultiva,45.02,-6.6,,0.0,-38705000.0,2.0,30.14,16.92,8.7,29.1,33.5,46.36,5.18,1.48,28.5,3.9,110659000.0,30.49,343
326,SOND6,Construção e Engenharia,Engenharia Consultiva,45.0,-6.6,,0.0,-38705000.0,2.0,30.12,16.91,8.7,29.1,33.5,46.34,5.18,1.48,28.5,3.9,110610000.0,30.49,344
327,SQIA3,Programas e Serviços,Programas e Serviços,19.98,23.9,0.19,80602000.0,-259126000.0,0.0,-305.56,63.75,0.03,33.9,1.1,-374.39,683.59,3.25,0.5,-1.4,1409570000.0,6.15,345
328,STBP3,Transporte,Serviços de Apoio e Armazenagem,5.3,3.1,0.21,433811000.0,-654985000.0,0.3,240.71,23.85,-0.02,22.7,-2.0,280.97,-258.45,2.19,-0.8,0.5,4571140000.0,2.42,346
329,SULA11,Previdência e Seguros,Seguradoras,31.79,5.5,0.2,1589680000.0,-15203300000.0,6.2,-2.39,-2.17,5.85,13.6,12.2,12.54,5.44,1.58,29.0,9.2,12765800000.0,20.18,347
330,SULA3,Previdência e Seguros,Seguradoras,12.17,5.5,0.2,1589680000.0,-15203300000.0,5.4,-0.53,-0.48,1.95,13.6,12.2,14.4,6.24,1.81,29.0,9.2,14661200000.0,6.73,348
331,SUZB3,Madeira e Papel,Papel e Celulose,75.37,37.1,10.08,72899900000.0,63852700000.0,0.0,21.13,11.41,-7.88,37.7,-35.2,13.03,-9.57,14.19,-148.3,8.7,102598000000.0,5.31,349
332,TAEE11,Energia Elétrica,Energia Elétrica,31.7,27.0,01.04,6252790000.0,5356750000.0,10.1,6.84,6.8,6.57,70.6,63.5,4.59,4.83,1.81,37.6,18.1,10920600000.0,17.49,350
333,TAEE3,Energia Elétrica,Energia Elétrica,10.58,27.0,01.04,6252790000.0,5356750000.0,10.1,6.85,6.8,2.19,70.6,63.5,4.6,4.83,1.81,37.6,18.1,10934400000.0,5.83,351
334,TASA3,Máquinas e Equipamentos,Armas e Munições,20.7,12.8,-3.48,890613000.0,829491000.0,0.0,9.86,09.07,0.07,40.1,0.4,6.96,317.41,-7.77,-2.4,25.1,1989870000.0,-2.66,352
335,TASA4,Máquinas e Equipamentos,Armas e Munições,20.38,12.8,-3.48,890613000.0,829491000.0,0.0,9.75,8.97,0.07,40.1,0.4,6.85,312.51,-7.65,-2.4,25.1,1959110000.0,-2.66,353
336,TCNO3,Construção e Engenharia,Engenharia Consultiva,1.67,-65.1,90.46,33470000.0,33463000.0,0.0,-7.95,-8.76,-0.17,,0.0,-1.97,-9.8,29.88,-304.9,-3.2,11055400.0,0.06,354
337,TCNO4,Construção e Engenharia,Engenharia Consultiva,1.3,-65.1,90.46,33470000.0,33463000.0,0.0,-7.51,-8.28,-0.17,,0.0,-1.54,-7.63,23.26,-304.9,-3.2,8606000.0,0.06,355
338,TCSA3,Construção Civil,Incorporações,07.05,-7.9,0.54,434821000.0,195170000.0,0.0,-7.45,-8.13,-2.63,-4.4,-73.2,-5.41,-2.68,0.64,-24.0,-6.7,519014000.0,10.95,356
339,TECN3,"Tecidos, Vestuário e Calçados",Acessórios,1.31,-9.8,0.55,170886000.0,85799000.0,0.0,-40.56,-22.32,-1.33,44.4,-45.2,-22.11,-0.98,0.33,-33.4,-0.9,102843000.0,3.99,357
340,TEKA3,"Tecidos, Vestuário e Calçados",Fios e Tecidos,40.02,-3.1,-0.3,492917000.0,492743000.0,0.0,-123.61,1288.63,-229.23,18.7,-89.4,-4.85,-0.17,-0.01,7.0,-0.7,20130100.0,-3294.1,358
341,TEKA4,"Tecidos, Vestuário e Calçados",Fios e Tecidos,17.88,-3.1,-0.3,492917000.0,492743000.0,0.0,-120.93,1260.64,-229.23,18.7,-89.4,-2.17,-0.08,-0.01,7.0,-0.7,8993640.0,-3294.1,359
342,TELB3,Telecomunicações,Telecomunicações,69.1,42.4,0.17,274490000.0,-607868000.0,0.0,-15.17,-59.36,0.42,-70.1,11.0,-17.43,164.93,2.95,1.8,-8.2,4689470000.0,23.45,360
343,TELB4,Telecomunicações,Telecomunicações,25.39,42.4,0.17,274490000.0,-607868000.0,0.0,-4.15,-16.22,0.42,-70.1,11.0,-6.4,60.6,01.08,1.8,-8.2,1723090000.0,23.45,361
344,TEND3,Construção Civil,Incorporações,24.4,21.5,0.78,1152150000.0,-250665000.0,2.0,6.8,6.15,1.96,31.5,9.6,7.54,12.45,1.72,13.8,12.9,2545990000.0,14.17,362
345,TENE5,"Tecidos, Vestuário e Calçados",Fios e Tecidos,0.5,,,481000.0,481000.0,0.0,-0.47,0.64,-37.98,,0.0,-0.05,-0.01,-0.0,6.6,,60500.0,-572.36,363
346,TESA3,Agropecuária,Agricultura,31.0,9.4,1.51,1096740000.0,1081570000.0,0.0,6.88,5.63,-3.98,27.8,-7.3,2.63,-7.8,0.92,-11.8,10.3,671367000.0,33.64,364
347,TGMA3,Transporte,Transporte Rodoviário,19.15,5.2,0.42,262164000.0,14371000.0,1.8,17.12,12.93,1.34,20.5,8.2,16.93,14.31,02.04,14.2,9.9,1263960000.0,9.39,365
348,TIET3,Energia Elétrica,Energia Elétrica,3.13,7.0,2.85,5258880000.0,3232980000.0,6.9,5.51,4.62,0.42,94.4,42.2,3.63,7.37,3.39,46.0,26.3,6246020000.0,0.92,366
349,TIET4,Energia Elétrica,Energia Elétrica,3.13,7.0,2.85,5258880000.0,3232980000.0,6.9,5.51,4.62,0.42,94.4,42.2,3.63,7.37,3.39,46.0,26.3,6246020000.0,0.92,367
350,TIMS3,Telecomunicações,Telecomunicações,12.99,126.4,0.1,2345030000.0,-2300700000.0,3.4,9.19,3.35,0.76,53.7,10.7,9.91,17.06,1.36,8.0,9.4,31446200000.0,9.58,368
351,TKNO4,Siderurgia e Metalurgia,Artefatos de Ferro e Aço,43.0,11.0,0.01,2706000.0,-37740000.0,4.5,5.34,3.93,2.89,26.0,5.0,7.6,14.85,0.67,4.5,9.6,126764000.0,63.79,369
352,TOTS3,Programas e Serviços,Programas e Serviços,28.37,3.8,0.12,325050000.0,-881991000.0,0.8,14.85,12.41,0.51,70.1,11.4,15.69,55.59,6.3,11.3,27.2,16395400000.0,4.51,371
353,TPIS3,Transporte,Exploração de Rodovias,1.58,-14.2,2.92,1895040000.0,1792620000.0,0.0,-60.84,5.45,-0.21,11.0,-6.1,-8.17,-7.7,0.43,-5.6,-1.0,278080000.0,3.69,372
354,TRIS3,Construção Civil,Incorporações,9.39,29.3,0.32,369412000.0,64780000.0,4.6,10.92,10.86,0.85,35.7,20.3,10.53,11.06,1.53,13.8,10.5,1752340000.0,6.14,373
355,TRPL3,Energia Elétrica,Energia Elétrica,28.75,-12.1,0.33,4535730000.0,2014840000.0,8.9,5.54,5.51,5.1,69.3,91.5,05.01,5.64,1.38,24.4,17.3,18942900000.0,20.88,374
356,TRPL4,Energia Elétrica,Energia Elétrica,23.72,-12.1,0.33,4535730000.0,2014840000.0,10.7,4.66,4.64,5.1,69.3,91.5,4.13,4.65,1.14,24.4,17.3,15628700000.0,20.88,375
357,TUPY3,Material de Transporte,Material Rodoviário,20.23,9.1,0.87,2225540000.0,800429000.0,0.0,12.35,5.71,-0.53,16.1,-1.8,9.69,-38.27,1.14,-3.0,7.4,2916720000.0,17.71,376
358,TXRX3,"Tecidos, Vestuário e Calçados",Fios e Tecidos,40.08,6.5,-0.72,219678000.0,219467000.0,0.0,,,0.0,,,,0.0,-0.56,,,170701000.0,-71.54,377
359,TXRX4,"Tecidos, Vestuário e Calçados",Fios e Tecidos,9.15,6.5,-0.72,219678000.0,219467000.0,0.0,,,0.0,,,,0.0,-0.13,,,38969800.0,-71.54,378
360,UCAS3,Utilidades Domésticas,Móveis,4.22,-7.2,,0.0,-47744000.0,6.9,23.5,12.42,0.18,38.3,8.4,28.36,23.47,1.82,7.7,6.0,278883000.0,2.32,379
361,UGPA3,"Petróleo, Gás e Biocombustíveis","Exploração, Refino e Distribuição",17.71,2.1,02.01,19209500000.0,11514800000.0,2.5,20.64,11.24,0.8,6.9,1.1,13.04,22.1,02.07,9.4,6.2,19748000000.0,8.55,380
362,UNIP3,Químicos,Químicos Diversos,53.99,34.0,0.48,734665000.0,-176878000.0,2.1,10.2,7.13,2.14,29.0,6.2,10.57,25.26,3.34,13.2,15.1,5098440000.0,16.17,381
363,UNIP5,Químicos,Químicos Diversos,50.15,34.0,0.48,734665000.0,-176878000.0,3.1,9.45,6.61,2.14,29.0,6.2,9.82,23.46,3.1,13.2,15.1,4735820000.0,16.17,382
364,UNIP6,Químicos,Químicos Diversos,51.85,34.0,0.48,734665000.0,-176878000.0,2.4,9.78,6.84,2.14,29.0,6.2,10.15,24.26,3.21,13.2,15.1,4896350000.0,16.17,383
365,USIM3,Siderurgia e Metalurgia,Siderurgia,17.25,17.6,0.4,5968360000.0,1100260000.0,0.2,9.34,6.62,0.54,20.2,8.0,8.89,32.13,1.45,4.5,10.5,21615600000.0,11.86,384
366,USIM5,Siderurgia e Metalurgia,Siderurgia,16.99,17.6,0.4,5968360000.0,1100260000.0,0.3,9.21,6.52,0.54,20.2,8.0,8.76,31.64,1.43,4.5,10.5,21289800000.0,11.86,385
367,USIM6,Siderurgia e Metalurgia,Siderurgia,17.0,17.6,0.4,5968360000.0,1100260000.0,0.3,9.21,6.53,0.54,20.2,8.0,8.76,31.66,1.43,4.5,10.5,21302300000.0,11.86,386
368,VALE3,Mineração,Minerais Metálicos,99.67,20.9,0.42,78089100000.0,8003530000.0,6.7,4.99,4.32,05.05,52.7,11.9,4.92,19.72,2.84,14.4,27.4,526704000000.0,35.16,387
369,VIVR3,Construção Civil,Incorporações,0.9,,-1.15,209643000.0,187590000.0,0.0,-5.94,-6.31,-1.69,153.9,1640.6,-1.89,-0.53,-0.48,89.8,-14.1,87326100.0,-1.88,388
370,VIVT3,Telecomunicações,Telecomunicações,43.96,0.5,0.19,13239200000.0,7477090000.0,7.6,13.55,4.74,2.82,47.4,11.1,12.31,15.58,01.07,6.9,6.3,74335700000.0,41.13,389
371,VLID3,Serviços Diversos,Serviços Diversos,7.35,4.1,1.18,1382150000.0,856382000.0,0.0,13.05,5.51,-2.05,18.3,-7.6,4.95,-3.59,0.45,-12.4,4.4,523504000.0,16.45,390
372,VSPT3,Transporte,Transporte Ferroviário,0.0,11.3,,0.0,-360825000.0,0.0,,,0.0,,0.0,,0.0,0.0,-2.2,,,0.0,391
373,VULC3,"Tecidos, Vestuário e Calçados",Calçados,7.27,3.0,0.29,313232000.0,40018000.0,0.0,22.84,11.41,0.09,33.6,2.0,22.34,80.76,1.67,2.1,6.2,1786650000.0,4.36,392
374,VVAR3,Comércio,Eletrodomésticos,11.54,7.8,1.52,9096000000.0,6112000000.0,0.0,9.15,6.83,0.63,32.8,3.5,6.87,18.36,03.08,16.8,12.0,18433500000.0,3.74,393
375,WEGE3,Máquinas e Equipamentos,"Motores, Compressores e Outros",69.15,17.2,0.15,1686580000.0,-2798350000.0,0.9,43.44,38.18,1.12,31.1,13.7,44.3,61.99,12.55,20.2,23.1,145122000000.0,5.51,394
376,WHRL3,Utilidades Domésticas,Eletrodomésticos,6.9,-4.9,0.22,463846000.0,-1558990000.0,17.6,11.71,9.37,0.41,18.6,6.8,13.78,17.02,4.9,28.8,37.0,10369200000.0,1.41,395
377,WHRL4,Utilidades Domésticas,Eletrodomésticos,7.66,-4.9,0.22,463846000.0,-1558990000.0,17.4,13.23,10.59,0.41,18.6,6.8,15.3,18.89,5.43,28.8,37.0,11511300000.0,1.41,396
378,WLMM4,Comércio,Material de Transporte,30.2,27.4,0.03,13303000.0,-105372000.0,1.2,15.75,14.89,1.61,13.8,6.3,17.42,18.73,2.4,12.8,14.1,1099720000.0,12.59,397
379,WSON33,Transporte,Serviços de Apoio e Armazenagem,44.48,1.3,1.11,2683250000.0,2048010000.0,6.8,7.12,7.12,1.33,48.0,5.7,4.32,33.56,1.31,3.9,15.1,3167870000.0,33.87,398
380,YDUQ3,Diversos,Serviços Educacionais,28.75,4.5,1.45,4828620000.0,2908060000.0,1.8,20.59,11.69,0.84,56.6,6.9,15.51,34.33,2.68,7.8,7.9,8886310000.0,10.75,399