,Unnamed: 0,Papel,Unnamed: 0.1,RMSE_0,RMSE_1,Open,High,Low,Adj Close,Volume,EMA_10,SMA_10,EMA_20,SMA_20,EMA_50,SMA_50,EMA_100,SMA_100,EMA_200,SMA_200,ATR,CCI,ROC,RSI,WCL,Close,RMSE2_0,RMSE2_1,Setor,Subsetor,Cat_Cluster
0,0,ABCB4,0,0.05319404602050781,0.06545448303222656,0,1,1,1,0,0,0,0,0,0,0,0,0,0,1,0,0,0,0,1,0,0.18338966369628906,0.34494781494140625,Intermediários Financeiros,Bancos,A
1,1,ABEV3,1,0.2477035522460937,0.0025501251220703125,0,0,0,0,0,0,1,0,1,0,0,1,0,1,1,0,0,0,0,0,0,0.6449699401855469,0.6295871734619141,Bebidas,Cervejas e Refrigerantes,B
2,2,ADHM3,2,0.04719853401184082,0.04153358936309815,0,1,0,1,0,1,0,0,0,0,0,0,0,1,0,0,0,0,0,1,0,0.02394652366638184,0.00401759147644043,,,R
3,3,AELP3,3,0.02304553985595703,0.21818065643310547,1,1,1,0,0,1,0,0,0,0,0,0,0,0,0,0,0,0,0,1,0,0.02740001678466797,0.035274505615234375,Energia Elétrica,Energia Elétrica,R
4,4,AFLT3,4,1.7698445320129397,9.89683198928833,1,1,1,1,0,0,0,0,0,0,0,0,0,0,0,0,0,0,0,1,0,7.836434841156006,6.356153964996338,Energia Elétrica,Energia Elétrica,B
5,5,AGRO3,5,0.018546104431152344,0.037281036376953125,1,1,1,1,0,0,0,0,0,0,0,0,0,0,0,0,0,0,0,1,0,0.032706260681152344,0.004609107971191406,Agropecuária,Agricultura,B
6,6,AHEB3,6,0.018634796142578125,0.04667568206787109,1,1,1,1,0,1,0,0,0,0,0,0,0,0,0,0,0,0,0,0,0,0.0019931793212890625,0.040434837341308594,Viagens e Lazer,Produção de Eventos e Shows,C
7,7,AHEB5,7,0.2602844238281392,0.40790557861329546,1,1,1,1,0,0,0,0,0,0,0,0,0,0,0,0,0,0,0,1,0,0.2016754150390483,0.27577972412107954,Viagens e Lazer,Produção de Eventos e Shows,C
8,8,AHEB6,8,0.3582763671875071,0.00238418579100852,1,1,1,1,0,1,0,0,0,0,0,0,0,0,0,0,0,0,0,0,0,0.02298355102539773,0.2345390319824289,Viagens e Lazer,Produção de Eventos e Shows,C
9,9,ALPA3,9,0.02786111831665039,0.05112838745117188,0,1,0,1,0,1,0,1,1,0,0,0,0,0,0,0,0,0,0,0,0,0.01763010025024414,0.006233692169189453,"Tecidos, Vestuário e Calçados",Calçados,B
10,10,ALPA4,10,0.06097507476806641,0.09247112274169922,0,0,0,0,0,1,0,1,0,1,1,0,0,0,0,0,0,0,0,1,0,0.09245109558105467,0.003995895385742188,"Tecidos, Vestuário e Calçados",Calçados,B
11,11,ALSO3,11,0.027381896972652697,0.1817722320556676,1,0,1,0,0,1,1,0,0,0,0,0,0,0,0,0,0,0,0,1,0,0.06467247009276987,0.03013229370116832,Exploração de Imóveis,Exploração de Imóveis,D
12,12,ALUP11,12,0.1500225067138672,0.05237007141113281,0,1,1,1,0,1,0,0,0,0,0,0,0,0,0,0,0,0,0,1,0,0.09802627563476562,0.030185699462890625,Energia Elétrica,Energia Elétrica,B
13,13,AMAR3,13,0.01334857940673828,0.004887580871582031,1,1,1,1,0,0,0,0,0,0,0,0,0,0,0,0,0,0,0,1,0,0.05138063430786133,0.05989646911621094,Comércio,"Tecidos, Vestuário e Calçados",B
14,14,ANIM3,14,0.08872365951538086,0.033686161041259766,0,0,1,1,0,1,1,0,0,0,0,0,0,0,0,0,0,0,0,1,0,0.02428579330444336,0.023224353790283203,Diversos,Serviços Educacionais,B
15,15,APER3,15,0.8101110458374023,0.997528076171875,0,1,0,0,0,0,1,1,1,1,0,0,0,0,0,0,0,0,0,0,0,0.17564010620117188,0.13300132751464844,Previdência e Seguros,Corretoras de Seguros,R
16,16,ARZZ3,16,0.16337966918945312,0.124420166015625,1,1,1,0,0,1,0,0,0,0,0,0,0,0,0,0,0,0,0,1,0,0.15621566772460938,0.0821685791015625,Comércio,"Tecidos, Vestuário e Calçados",B
17,17,ATMP3,17,94.83197021484376,83.57296752929688,1,1,1,0,0,1,0,0,0,0,0,0,0,0,0,0,0,0,0,1,0,9.82568359375,1.734893798828125,Serviços Diversos,Serviços Diversos,D
18,18,ATOM3,18,0.057536780834198,0.002583682537078857,0,1,0,1,0,0,0,0,0,0,0,0,0,0,0,0,1,0,1,1,0,0.01981431245803833,0.08864212036132812,Outros,Outros,R
19,19,AZEV3,19,465.2342653274536,272.8555727005005,1,1,0,1,0,0,0,0,0,0,0,0,0,0,1,0,0,0,0,1,0,120.54736614227295,334.4727964401245,Construção e Engenharia,Construção Pesada,C
20,20,AZEV4,20,0.01652240753173739,0.038343906402587,1,1,1,1,0,0,0,0,0,0,0,0,0,0,0,0,0,0,0,1,0,0.04335165023803622,0.0294170379638663,Construção e Engenharia,Construção Pesada,C
21,21,B3SA3,21,0.3035984039306641,0.16739845275878906,1,1,1,1,0,0,0,0,0,0,0,0,0,0,0,0,0,0,0,1,0,0.16109085083007812,0.10153579711914062,Serviços Financeiros Diversos,Serviços Financeiros Diversos,B
22,22,BAHI3,22,2.990520477294922,0.4267158508300781,1,1,1,1,0,0,0,0,0,0,0,0,0,0,0,0,0,0,0,1,0,0.0317840576171875,0.058788299560546875,Diversos,Serviços Educacionais,B
23,23,BALM3,23,93.10120391845705,911.368896484375,1,1,0,1,0,1,0,0,0,0,0,0,0,0,0,0,0,0,0,1,0,12.708343505859375,28.07036399841309,Equipamentos,Equipamentos,B
24,24,BALM4,24,0.015091896057128906,0.04284858703613281,1,1,1,1,0,0,0,0,0,0,0,0,0,0,0,0,0,0,0,1,0,0.027609825134277344,0.013527870178222656,Equipamentos,Equipamentos,B
25,25,BAUH4,25,0.012573242187501776,0.070553779602049,1,1,1,1,0,0,0,0,0,0,0,0,0,0,0,0,0,0,0,1,0,0.04481124877929865,0.054934501647947435,Alimentos Processados,Carnes e Derivados,D
26,26,BAZA3,26,0.3677711486816406,0.009096145629882812,1,1,1,1,0,0,0,0,0,0,0,0,0,0,0,0,0,0,0,1,0,0.24187278747558594,0.10775184631347656,Intermediários Financeiros,Bancos,A
27,27,BBAS3,27,0.4602737426757848,0.2842426300048864,1,0,1,1,0,0,0,0,0,1,0,0,0,0,0,0,0,0,0,1,0,0.02716255187988636,0.1646633148193395,Intermediários Financeiros,Bancos,A
28,28,BBDC3,28,0.059178352355957024,0.007653236389160156,0,0,1,1,0,1,1,0,0,0,0,0,0,0,0,0,0,0,0,1,0,0.002144813537597656,0.1136474609375,Intermediários Financeiros,Bancos,A
29,29,BBDC4,29,0.14716339111328125,0.03544425964355469,0,1,1,0,0,1,1,0,0,0,0,0,0,0,0,0,0,0,0,1,0,0.055744171142578125,0.1809101104736328,Intermediários Financeiros,Bancos,A
30,30,BBRK3,30,0.6017866134643555,0.5172624588012695,1,1,1,0,0,0,0,0,0,0,0,0,0,0,0,1,0,0,0,1,0,0.08242988586425781,0.1406106948852539,Exploração de Imóveis,Intermediação Imobiliária,D
31,31,BBSE3,31,0.008037567138671875,0.10918235778808594,0,0,1,1,0,1,0,0,0,0,0,0,0,0,0,1,0,0,0,1,0,0.1339244842529297,0.013957977294921877,Previdência e Seguros,Seguradoras,C
32,32,BDLL4,32,0.1732482910156179,0.18478775024414773,1,1,1,1,0,0,0,0,0,0,0,0,0,0,0,0,0,0,0,1,0,0.5698776245117259,0.0061798095703196046,Máquinas e Equipamentos,Máq. e Equip. Industriais,B
33,33,BEEF3,33,0.0754232406616211,0.02056980133056641,1,1,1,1,0,0,0,0,0,0,0,0,0,0,0,0,0,0,0,1,0,0.08328437805175781,0.040175437927246094,Alimentos Processados,Carnes e Derivados,R
34,34,BEES3,34,0.014945030212402344,0.0040384531021118155,0,1,1,0,0,1,0,0,1,0,0,0,0,0,0,0,0,0,0,1,0,0.046666860580444336,0.00605618953704834,Intermediários Financeiros,Bancos,A
35,35,BEES4,35,0.022090673446655273,0.00048661231994628906,1,1,1,0,0,1,0,0,0,0,0,0,0,0,0,0,0,0,0,1,0,0.03241276741027832,0.007913827896118164,Intermediários Financeiros,Bancos,A
36,36,BGIP3,36,3.89536190032959,5.113706588745117,0,1,0,1,0,0,1,0,0,1,0,0,0,0,0,0,0,0,0,1,0,19.67332649230957,13.80339241027832,Intermediários Financeiros,Bancos,A
37,37,BGIP4,37,0.2366218566894531,0.000659942626953125,1,1,1,0,0,1,0,0,0,0,0,0,0,0,0,0,0,0,0,1,0,0.5174331665039062,0.138641357421875,Intermediários Financeiros,Bancos,A
38,38,BHGR3,38,0.011188507080078123,0.030731201171875,1,1,0,1,0,0,0,0,0,0,1,0,0,0,0,0,0,0,0,1,0,0.03774070739746094,0.01743316650390625,Exploração de Imóveis,Exploração de Imóveis,B
39,39,BIOM3,39,0.051563262939453125,0.0782785415649414,1,1,1,1,0,0,0,0,0,0,0,0,0,0,0,0,0,0,0,1,0,0.05864048004150391,0.04915046691894531,Medicamentos e Outros Produtos,Medicamentos e Outros Produtos,R
40,40,BMEB3,40,0.2646217346191406,0.05922889709472656,1,1,1,0,0,1,0,0,0,0,0,0,0,0,0,0,0,0,0,1,0,0.0506291389465332,0.040560245513916016,Intermediários Financeiros,Bancos,A
41,41,BMEB4,41,0.012690544128417969,0.10443401336669922,1,1,1,0,0,0,0,0,0,0,0,0,0,1,0,0,0,0,0,1,0,0.035419464111328125,0.01639413833618164,Intermediários Financeiros,Bancos,A
42,42,BMIN3,42,0.108001708984375,0.5485305786132812,0,0,0,0,0,1,1,1,1,0,1,0,0,0,0,0,0,0,0,0,0,2.098793029785156,1.2431869506835938,Intermediários Financeiros,Bancos,A
43,43,BMIN4,43,0.08691787719726562,0.3206520080566406,0,1,0,1,0,1,0,1,0,0,0,0,0,0,0,0,0,0,0,1,0,0.4333953857421875,0.10322189331054688,Intermediários Financeiros,Bancos,A
44,44,BMKS3,44,1.017547607421875,2.6663818359375,1,1,1,1,0,0,0,0,0,0,0,0,0,0,0,0,0,0,0,1,0,0.996978759765625,2.511199951171875,Viagens e Lazer,Bicicletas,R
45,45,BNBR3,45,0.06000518798828125,0.021221160888671875,1,1,1,0,0,1,0,0,0,0,0,0,0,0,0,0,0,0,0,1,0,0.05825614929199219,0.000423431396484375,Intermediários Financeiros,Bancos,A
46,46,BOBR4,46,0.0001807212829589844,0.01615428924560547,1,1,1,1,0,0,0,0,0,0,0,0,0,0,0,0,0,0,0,1,0,0.010818004608154295,0.030607223510742188,Produtos de Uso Pessoal e de Limpeza,Produtos de Limpeza,B
47,47,BPAN4,47,0.09526216983795166,0.2148970365524292,1,1,0,1,0,0,0,0,0,0,0,0,0,1,0,0,0,0,0,1,0,0.07284438610076904,0.03160810470581055,Intermediários Financeiros,Bancos,A
48,48,BPHA3,48,0.2449355125427246,0.04190349578857422,0,0,1,1,0,0,1,0,1,0,0,0,0,0,0,0,0,0,0,1,0,0.0266408920288086,0.09934329986572266,Comércio e Distribuição,Medicamentos e Outros Produtos,E
49,49,BRAP3,49,0.13783645629882812,0.005183219909667969,1,1,1,0,0,1,0,0,0,0,0,0,0,0,0,0,0,0,0,1,0,0.11014556884765624,0.009116172790527344,Mineração,Minerais Metálicos,E
50,50,BRAP4,50,0.053420066833496094,0.043853759765625,1,1,1,1,0,0,0,0,0,0,0,0,0,0,0,0,0,0,0,1,0,0.118988037109375,0.05353832244873047,Mineração,Minerais Metálicos,E
51,51,BRFS3,0,0.1354980468749929,0.19838714599610088,0,0,0,0,0,0,0,1,1,1,1,1,0,0,0,0,0,0,0,0,0,0.13951873779297586,0.5831222534179616,Alimentos Processados,Carnes e Derivados,B
52,52,BRGE11,1,0.02229547500610352,0.012929916381835938,1,1,1,0,0,0,0,1,0,0,0,0,0,0,0,0,0,0,0,1,0,0.005860805511474609,0.01702404022216797,Previdência e Seguros,Seguradoras,R
53,53,BRGE12,2,0.007424831390380859,0.001783609390258789,0,0,1,1,0,1,1,0,0,0,0,0,0,0,0,0,0,0,0,1,0,0.0023725032806396484,0.008671045303344727,Previdência e Seguros,Seguradoras,R
54,54,BRGE3,3,0.02142024040222168,0.0008721351623535156,1,1,1,1,0,0,0,0,0,0,0,0,0,0,0,0,0,0,0,1,0,0.0006711483001708982,0.008217811584472656,Previdência e Seguros,Seguradoras,R
55,55,BRGE5,4,0.0899655818939209,0.07332921028137207,1,1,1,1,0,0,0,0,0,0,0,0,0,0,0,0,0,0,0,1,0,0.015961885452270508,0.008522510528564453,Previdência e Seguros,Seguradoras,R
56,56,BRGE6,5,0.21570777893066406,0.11782550811767578,1,1,1,0,0,0,0,0,0,0,0,0,0,0,1,0,0,0,0,1,0,0.0017547607421875,0.03955841064453125,Previdência e Seguros,Seguradoras,R
57,57,BRGE8,6,0.004279851913452149,0.00405430793762207,1,1,0,0,0,0,0,1,0,1,0,0,0,0,0,0,0,0,0,1,0,0.020318269729614258,0.005952119827270508,Previdência e Seguros,Seguradoras,R
58,58,BRIV3,7,0.0160655975341788,0.0005493164062491118,1,1,1,1,0,0,0,0,0,0,0,0,0,0,0,0,0,0,0,1,0,0.029715061187745032,0.015929698944092685,Intermediários Financeiros,Bancos,A
59,59,BRIV4,8,0.03350210189819247,0.06330490112304599,0,1,0,0,0,1,0,1,0,0,0,0,0,0,1,0,0,0,0,1,0,0.11982107162475494,0.12232589721679599,Intermediários Financeiros,Bancos,A
60,60,BRKM3,9,0.07300376892089844,0.01831531524658203,1,1,1,0,0,1,0,0,0,0,0,0,0,0,0,0,0,0,0,1,0,0.036866188049316406,0.02187633514404297,Químicos,Petroquímicos,R
61,61,BRKM5,10,372.37610721588135,350.2260522842407,1,1,1,1,0,0,0,0,0,0,0,0,0,0,0,0,0,0,0,1,0,53.678067207336426,404.5557470321655,Químicos,Petroquímicos,R
62,62,BRKM6,11,27.92111301422119,27.39554214477539,1,1,1,1,0,0,0,0,0,0,0,0,0,0,0,0,0,0,0,1,0,44.4895133972168,7.547637939453125,Químicos,Petroquímicos,B
63,63,BRML3,12,0.04402637481689453,0.030710220336914062,1,1,1,1,0,0,0,0,0,0,0,0,0,0,0,0,0,0,0,1,0,0.05243206024169922,0.029859542846679688,Exploração de Imóveis,Exploração de Imóveis,B
64,64,BRPR3,13,0.022825241088867188,0.048226356506347656,1,1,1,0,0,1,0,0,0,0,0,0,0,0,0,0,0,0,0,1,0,0.01726818084716797,0.022299766540527344,Exploração de Imóveis,Exploração de Imóveis,B
65,65,BRSR3,14,0.3167538642883301,0.19070911407470706,0,0,0,1,0,0,0,0,0,1,1,0,0,0,0,1,0,1,0,0,0,1.0337600708007812,0.7943334579467773,Intermediários Financeiros,Bancos,A
66,66,BRSR5,15,0.04257678985595703,0.02024745941162109,1,1,1,0,0,1,0,0,0,0,0,0,0,0,0,0,0,0,0,1,0,0.06914520263671875,0.007119178771972656,Intermediários Financeiros,Bancos,A
67,67,BRSR6,16,0.031116485595703125,0.041412353515625,1,1,1,0,0,0,0,0,0,0,0,0,0,0,1,0,0,0,0,1,0,0.009111404418945312,0.06522369384765625,Intermediários Financeiros,Bancos,A
68,68,BSEV3,17,0.01503992080688521,0.0410077571868892,0,1,0,1,0,1,0,0,0,0,0,0,0,1,0,0,0,0,0,1,0,0.006030082702637164,0.021189451217650927,Alimentos Processados,Açucar e Alcool,D
69,69,BSLI3,18,0.4614827632904053,0.08007192611694336,0,0,0,1,0,0,0,0,0,0,0,1,1,1,1,0,0,0,0,0,0,0.4802803993225098,0.36422038078308105,Intermediários Financeiros,Bancos,A
70,70,BSLI4,19,0.05486464500427202,0.0634384155273433,1,1,1,0,0,0,0,0,0,0,0,0,0,0,1,0,0,0,0,1,0,0.01015114784240767,0.012636899948119671,Intermediários Financeiros,Bancos,A
71,71,BTOW3,20,0.15655899047851562,0.09803009033203124,1,1,1,1,0,0,0,0,0,0,0,0,0,0,0,0,0,0,0,1,0,0.04543590545654297,0.028352737426757806,Comércio,Produtos Diversos,B
72,72,BTTL3,21,0.4440240859985352,0.1525402069091797,0,1,1,1,0,0,0,0,1,0,0,0,0,0,0,0,0,0,0,1,0,0.04087638854980469,0.03163337707519531,Comércio,Material de Transporte,C
73,73,CARD3,22,0.03992414474487305,0.014412879943847656,1,1,1,1,0,0,0,0,0,0,0,0,0,0,0,0,0,0,0,1,0,0.06875467300415039,0.01998996734619141,Serviços Diversos,Serviços Diversos,B
74,74,CASN3,23,0.0005559921264648439,0.002666950225830078,1,1,0,1,0,0,0,0,0,0,0,1,0,0,0,0,0,0,0,1,0,0.009297847747802734,0.00141143798828125,Água e Saneamento,Água e Saneamento,B
75,75,CBEE3,24,0.2853965759277344,0.12453460693359375,1,1,0,1,0,1,0,0,0,0,0,0,0,0,0,0,0,0,0,1,0,0.13254165649414062,0.043277740478515625,Energia Elétrica,Energia Elétrica,B
76,76,CCPR3,25,0.28487491607666016,0.2469911575317383,1,0,0,0,0,1,1,1,0,0,0,0,0,0,1,0,0,0,0,0,0,0.20131778717041016,0.03954792022705078,Exploração de Imóveis,Exploração de Imóveis,B
77,77,CCRO3,26,0.02196788787841797,0.10542106628417967,0,0,0,1,0,0,1,0,0,0,0,0,0,1,1,0,0,0,0,1,0,0.0757761001586914,0.06325149536132812,Transporte,Exploração de Rodovias,B
78,78,CEBR3,27,0.3006725311279297,0.007640838623046875,1,1,1,1,0,0,0,0,0,0,0,0,0,0,0,0,0,0,0,1,0,0.09856224060058594,0.06839752197265625,Energia Elétrica,Energia Elétrica,B
79,79,CEBR5,28,0.2130165100097656,0.1410694122314453,1,1,1,0,0,1,0,0,0,0,0,0,0,0,0,0,0,0,0,1,0,0.1901702880859375,0.03145599365234375,Energia Elétrica,Energia Elétrica,B
80,80,CEBR6,29,0.1351299285888672,0.0031890869140625,0,1,1,0,0,1,0,0,0,0,0,0,0,0,1,0,0,0,0,1,0,0.16580581665039062,0.030704498291015625,Energia Elétrica,Energia Elétrica,B
81,81,CEDO3,30,2095.6164455413823,5255.907461166382,1,1,0,1,0,1,0,0,0,0,0,0,0,0,0,0,0,0,0,1,0,187.79201316833496,214.8655300140381,"Tecidos, Vestuário e Calçados",Fios e Tecidos,B
82,82,CEDO4,31,0.0387578010559082,0.00693511962890625,0,0,0,0,0,0,0,0,0,0,1,0,1,1,1,0,0,0,0,1,0,0.007023334503173828,0.03197050094604492,"Tecidos, Vestuário e Calçados",Fios e Tecidos,B
83,83,CEEB3,32,0.2460441589355433,0.05684089660644176,1,1,0,0,0,1,0,0,0,0,0,0,0,0,1,0,0,0,0,1,0,0.10070610046386363,0.06525230407714487,Energia Elétrica,Energia Elétrica,B
84,84,CEEB5,33,1.0408935546875,1.0712013244628906,1,1,0,1,0,1,0,0,0,0,0,0,0,0,0,0,0,0,0,1,0,0.03692054748535156,0.035221099853515625,Energia Elétrica,Energia Elétrica,B
85,85,CEED3,34,0.4950599670410156,0.09578704833984376,0,0,0,0,0,0,0,1,0,1,1,1,0,0,1,0,0,0,0,0,0,0.04665946960449219,0.31534385681152344,Energia Elétrica,Energia Elétrica,R
86,86,CEED4,35,0.11885833740234375,0.03314208984375,0,1,0,1,0,0,0,0,0,0,0,0,0,1,1,0,0,0,0,1,0,0.029949188232421875,0.06319808959960938,Energia Elétrica,Energia Elétrica,R
87,87,CEGR3,36,0.7986888885498047,0.1390399932861328,0,1,0,1,0,1,0,0,0,0,1,0,0,0,0,0,0,0,0,1,0,0.07356452941894531,0.013278961181640623,Gás,Gás,B
88,88,CEPE3,37,0.07932662963867188,0.016920089721679688,0,0,0,0,0,1,0,1,1,1,0,0,0,0,0,0,1,0,0,0,0,0.9216537475585938,0.7952308654785156,Energia Elétrica,Energia Elétrica,B
89,89,CEPE5,38,0.04427909851074219,0.05236625671386719,1,1,1,0,0,0,0,0,0,0,0,0,1,0,0,0,0,0,0,1,0,0.11696434020996095,0.02813720703125,Energia Elétrica,Energia Elétrica,B
90,90,CEPE6,39,0.1644268035888672,0.04925537109375,1,1,1,1,0,0,0,0,0,0,0,0,0,0,0,0,0,0,0,1,0,0.007852554321289062,0.0113067626953125,Energia Elétrica,Energia Elétrica,B
91,91,CESP3,40,0.013820648193359377,0.001041412353515625,1,1,1,0,0,1,0,0,0,0,0,0,0,0,0,0,0,0,0,1,0,0.05785560607910156,0.004215240478515625,Energia Elétrica,Energia Elétrica,B
92,92,CESP5,41,0.22074508666992188,0.030424118041992188,1,1,1,0,0,1,0,0,0,0,0,0,0,0,0,0,0,0,0,1,0,0.2176055908203125,0.023000717163085938,Energia Elétrica,Energia Elétrica,B
93,93,CESP6,42,0.005739212036132813,0.1440296173095703,1,1,1,0,0,1,0,0,0,0,0,0,0,0,0,0,0,0,0,1,0,0.14877891540527344,0.13421630859375,Energia Elétrica,Energia Elétrica,B
94,94,CGAS3,43,607.7505607604979,1619.4603385925293,0,0,0,1,0,0,1,0,0,0,0,0,1,0,1,0,0,0,1,0,0,1968.8805046081545,8403.561290740967,Gás,Gás,B
95,95,CGAS5,44,0.16324615478515625,0.19692611694335932,0,1,1,1,0,0,1,0,0,0,0,0,0,0,0,0,0,0,0,1,0,0.5659370422363281,0.14035797119140625,Gás,Gás,B
96,96,CGRA3,45,0.0321388244628924,0.02846431732177912,1,1,1,1,0,0,0,0,0,0,0,0,0,0,0,0,0,0,0,1,0,0.13485431671142756,0.0520820617675799,Comércio,"Tecidos, Vestuário e Calçados",D
97,97,CGRA4,46,0.04730319976806818,0.03388118743896307,1,1,1,0,0,0,1,0,0,0,0,0,0,0,0,0,0,0,0,1,0,0.2164602279663104,0.189791679382326,Comércio,"Tecidos, Vestuário e Calçados",D
98,98,CIEL3,47,0.23406028747558594,0.2811870574951172,0,0,0,0,0,0,0,1,0,0,1,1,0,1,1,0,0,0,0,0,0,1.5960464477539062,0.975727081298828,Serviços Financeiros Diversos,Serviços Financeiros Diversos,B
99,99,CLSC3,48,0.2041778564453125,0.15612411499023438,0,0,0,1,0,0,0,0,0,0,0,1,0,1,1,0,0,0,0,1,0,0.02805137634277344,0.05365753173828125,Energia Elétrica,Energia Elétrica,B
100,100,CLSC4,0,0.2378654479980469,0.9754638671875,0,1,0,1,0,1,0,1,0,0,0,0,0,0,0,0,0,0,0,1,0,0.005397796630859375,0.044399261474609375,Energia Elétrica,Energia Elétrica,B
101,101,CMIG3,1,0.22492694854736328,0.07599830627441406,0,0,1,0,0,0,0,0,0,1,0,0,1,1,1,0,0,0,0,0,0,0.31679821014404297,0.045929908752441406,Energia Elétrica,Energia Elétrica,B
102,102,CMIG4,2,5.39035701751709,22.88186454772949,1,1,1,1,0,0,0,0,0,0,0,0,0,0,0,0,0,0,0,1,0,3.8637571334838867,6.683349370956421,Energia Elétrica,Energia Elétrica,B
103,103,COCE3,3,0.20072174072265625,0.1064739227294922,1,1,0,1,0,1,0,0,0,0,0,0,0,0,0,0,0,0,0,1,0,0.05023002624511719,0.07595062255859375,Energia Elétrica,Energia Elétrica,B
104,104,COCE5,4,0.020725250244140625,0.5363121032714844,0,0,1,1,0,1,1,0,0,0,0,0,0,0,0,0,0,0,0,1,0,0.3153648376464844,0.1884307861328125,Energia Elétrica,Energia Elétrica,B
105,105,COGN3,5,0.3760805130004883,0.08730411529541016,0,1,1,1,0,1,0,0,0,0,0,0,0,0,0,0,0,0,0,1,0,0.11632633209228516,0.05100822448730469,Diversos,Serviços Educacionais,B
106,106,CORR4,6,15.485900878906266,11.533134460449233,1,1,0,0,0,1,0,0,0,0,0,0,0,0,0,0,0,0,1,1,0,0.666069030761733,0.06599426269532671,Exploração de Imóveis,Exploração de Imóveis,R
107,107,CPFE3,7,0.0556488037109375,0.0593719482421875,0,0,1,0,0,0,0,0,0,1,0,1,1,0,0,0,0,0,0,1,0,0.04913520812988281,0.045803070068359375,Energia Elétrica,Energia Elétrica,B
108,108,CPLE3,8,0.006581783294677734,0.010781526565551758,1,1,1,1,0,0,0,0,0,0,0,0,0,0,0,0,0,0,0,1,0,0.025381803512573242,0.01723313331604004,Energia Elétrica,Energia Elétrica,B
109,109,CPLE5,9,0.2848548889160156,0.10073089599609376,0,0,0,0,0,1,1,1,0,0,0,0,0,0,1,0,0,1,0,0,0,0.4448699951171875,0.8884353637695312,Energia Elétrica,Energia Elétrica,B
110,110,CPLE6,10,0.018210411071777344,0.003799915313720703,1,1,0,1,0,1,0,0,0,0,0,0,0,0,0,0,0,0,0,1,0,0.01836395263671875,0.003822803497314453,Energia Elétrica,Energia Elétrica,B
111,111,CRDE3,11,0.2076969146728516,0.4300365447998047,0,1,1,0,0,0,0,0,0,0,0,0,0,1,1,0,0,0,0,1,0,0.1055622100830078,0.21218490600585932,Construção Civil,Incorporações,B
112,112,CRIV3,12,0.03006219863891602,0.006164312362670898,1,1,1,1,0,0,0,0,0,0,0,0,0,0,0,0,0,0,0,1,0,0.002846240997314453,0.01892828941345215,Intermediários Financeiros,Soc. Crédito e Financiamento,A
113,113,CRIV4,13,0.010913848876953123,0.042917728424072266,1,1,1,0,0,1,0,0,0,0,0,0,0,0,0,0,0,0,0,1,0,0.013210296630859377,0.005383729934692383,Intermediários Financeiros,Soc. Crédito e Financiamento,A
114,114,CRPG3,14,0.011121749877929688,0.021472930908203125,1,0,1,1,0,1,0,0,0,0,0,0,0,1,0,0,0,0,0,0,0,0.06786060333251953,0.01205158233642578,Químicos,Químicos Diversos,B
115,115,CRPG5,15,15.98144543170929,8.58489978313446,1,1,1,1,0,0,0,0,0,0,0,0,0,0,0,0,0,0,0,1,0,5.516353011131287,7.67110812664032,Químicos,Químicos Diversos,B
116,116,CRPG6,16,0.20371723175048828,0.0778341293334961,0,0,0,1,0,1,1,0,1,0,0,0,0,0,0,0,0,0,0,1,0,0.601531982421875,0.4245595932006836,Químicos,Químicos Diversos,B
117,117,CSAB3,17,0.30224609375,0.08849716186523438,1,1,1,1,0,0,0,0,0,0,0,0,0,0,0,0,0,0,0,1,0,0.08045387268066406,0.011554718017578123,Previdência e Seguros,Seguradoras,C
118,118,CSAB4,18,0.11076736450195312,0.06886672973632812,0,0,1,1,0,0,0,0,0,0,0,1,0,1,1,0,0,0,0,0,0,0.12296676635742188,0.37310791015625,Previdência e Seguros,Seguradoras,C
119,119,CSAN3,19,0.009974479675292969,0.02526378631591797,1,1,1,1,0,0,0,0,0,0,0,0,0,0,0,0,0,0,0,1,0,0.04021739959716797,0.06569957733154297,"Petróleo, Gás e Biocombustíveis","Exploração, Refino e Distribuição",B
120,120,CSMG3,20,0.050765991210935724,0.012669563293455257,1,1,1,1,0,0,0,0,0,0,0,0,0,0,0,0,0,0,0,1,0,0.02878093719482244,0.02327156066894709,Água e Saneamento,Água e Saneamento,B
121,121,CSNA3,21,0.06467103958129883,0.01815938949584961,1,1,1,0,0,0,1,0,0,0,0,0,0,0,0,0,0,0,0,1,0,0.16375494003295898,0.05682563781738281,Siderurgia e Metalurgia,Siderurgia,B
122,122,CSRN3,22,0.22830772399902344,0.012053489685058594,1,1,1,0,0,0,0,0,0,0,0,0,0,0,1,0,0,0,0,1,0,0.020750045776367188,0.051957130432128906,Energia Elétrica,Energia Elétrica,B
123,123,CSRN5,23,0.039443016052246094,0.04139900207519531,1,1,1,0,0,1,0,0,0,0,0,0,0,0,0,0,0,0,0,1,0,0.0032939910888671875,0.009217262268066406,Energia Elétrica,Energia Elétrica,B
124,124,CSRN6,24,0.0178680419921875,0.05705070495605469,1,1,1,0,0,1,0,0,0,0,0,0,0,0,0,0,0,0,0,1,0,0.033905982971191406,0.04706954956054688,Energia Elétrica,Energia Elétrica,B
125,125,CTKA3,25,1880.877904891968,222.83699607849118,0,0,0,1,0,1,1,0,0,0,0,0,0,0,1,1,0,0,0,0,0,1463.2018795013428,3171.1265621185303,"Tecidos, Vestuário e Calçados",Fios e Tecidos,B
126,126,CTKA4,26,2.8138747215271,4.514286302030087,1,0,1,1,0,0,0,1,0,0,0,0,0,0,0,0,0,0,0,1,0,0.2021417617797852,0.9571266174316406,"Tecidos, Vestuário e Calçados",Fios e Tecidos,B
127,127,CTNM3,0,2765.285195350647,4751.502968788147,0,0,0,0,0,1,1,1,1,1,0,0,0,0,0,0,0,0,0,0,0,2862.616982460022,1075.1549463272097,"Tecidos, Vestuário e Calçados",Fios e Tecidos,B
128,128,CTNM4,1,0.011664152145385742,0.07402586936950684,0,0,1,1,0,1,1,0,0,0,0,0,0,0,0,0,0,0,0,1,0,0.03683805465698242,0.02053689956665039,"Tecidos, Vestuário e Calçados",Fios e Tecidos,B
129,129,CTSA3,2,0.008253335952758789,0.01535153388977051,1,1,1,0,0,1,0,0,0,0,0,0,0,0,0,0,0,0,0,1,0,0.002388596534729004,0.003472328186035156,"Tecidos, Vestuário e Calçados",Fios e Tecidos,R
130,130,CTSA4,3,0.004365384578704834,0.009474456310272215,0,1,1,1,0,1,0,0,0,0,0,0,0,0,0,0,0,0,0,1,0,0.0004015564918518065,0.0025942325592041016,"Tecidos, Vestuário e Calçados",Fios e Tecidos,R
131,131,CYRE3,4,0.014978408813476562,0.10790157318115234,0,1,1,0,0,1,1,0,0,0,0,0,0,0,0,0,0,0,0,1,0,0.025438308715820312,0.007295608520507811,Construção Civil,Incorporações,B
132,132,DASA3,5,0.5659942626953125,0.3202171325683594,1,1,1,1,0,0,0,0,0,0,0,0,0,0,0,0,0,0,0,1,0,0.1032733917236328,0.28275108337402344,Análises e Diagnósticos,Análises e Diagnósticos,B
133,133,DIRR3,6,0.026052474975585938,0.017681598663330078,1,1,1,1,0,0,0,0,0,0,0,0,0,0,0,0,0,0,0,1,0,0.02025079727172852,0.006114006042480469,Construção Civil,Incorporações,B
134,134,DOHL3,7,0.23636341094970706,0.14362573623657227,1,0,0,1,0,0,0,0,0,0,0,0,0,1,0,0,0,0,1,1,0,0.014112472534179688,0.02111959457397461,"Tecidos, Vestuário e Calçados",Fios e Tecidos,B
135,135,DOHL4,8,0.017436504364013672,0.009441614151000977,1,1,0,1,0,1,0,0,0,0,0,0,0,0,0,0,0,0,0,1,0,0.006074428558349609,0.0025000572204589844,"Tecidos, Vestuário e Calçados",Fios e Tecidos,B
136,136,DTCY3,9,0.027102947235107425,0.08060312271118164,0,0,1,0,0,1,0,1,1,0,0,0,0,0,0,0,0,0,0,1,0,0.05246400833129883,0.12467145919799805,Serviços Diversos,Serviços Diversos,B
137,137,DTEX3,10,0.053955078125001776,0.11833238601684393,1,1,1,1,0,0,0,0,0,0,0,0,0,0,0,0,0,0,0,1,0,0.01140499114990412,0.00884342193603338,Madeira e Papel,Madeira,B
138,138,EALT3,11,0.05564069747924805,0.18320560455322266,0,1,0,1,0,1,0,0,0,1,0,0,0,0,1,0,0,0,0,0,0,0.06537199020385742,0.15801286697387695,Máquinas e Equipamentos,Máq. e Equip. Industriais,B
139,139,EALT4,12,0.0006966590881347656,0.007637739181518555,0,1,1,1,0,1,0,0,0,0,0,0,0,0,0,0,0,0,0,1,0,0.006793022155761719,0.003319859504699707,Máquinas e Equipamentos,Máq. e Equip. Industriais,B
140,140,ECOR3,13,0.054386138916015625,0.04288482666015625,1,1,1,1,0,0,0,0,0,0,0,0,0,0,0,0,0,0,0,1,0,0.04134464263916016,0.03605079650878906,Transporte,Exploração de Rodovias,R
141,141,ECPR3,14,0.02789878845214844,0.022800445556640625,1,1,1,1,0,0,0,0,0,0,0,0,0,0,0,0,0,0,0,1,0,0.0363922119140625,0.03063201904296875,"Tecidos, Vestuário e Calçados",Fios e Tecidos,E
142,142,ECPR4,15,0.09910964965821024,0.09526443481444602,0,1,1,1,0,0,1,0,0,0,0,0,0,0,0,0,0,0,0,1,0,0.2703704833984304,0.013931274414055395,"Tecidos, Vestuário e Calçados",Fios e Tecidos,E
143,143,EEEL3,16,0.39239501953125,0.7354278564453125,1,1,1,1,0,0,0,0,0,0,0,0,0,0,0,0,0,0,0,1,0,0.0193939208984375,0.9332427978515624,Energia Elétrica,Energia Elétrica,R
144,144,EEEL4,17,1.7424774169921875,1.2490615844726562,0,1,1,1,0,0,0,1,0,0,0,0,0,0,0,0,0,0,0,1,0,0.3335723876953125,0.712432861328125,Energia Elétrica,Energia Elétrica,R
145,145,EGIE3,18,0.4431266784667969,0.164276123046875,0,0,0,1,0,0,0,0,0,0,0,1,1,1,1,0,0,0,0,0,0,0.6847763061523438,0.4091739654541016,Energia Elétrica,Energia Elétrica,B
146,146,EKTR3,19,5.381019592285156,5.9836177825927725,1,0,0,1,0,1,1,1,0,0,0,0,0,0,0,0,0,0,0,0,0,10.479501724243164,0.8727779388427734,Energia Elétrica,Energia Elétrica,B
147,147,EKTR4,20,0.20231056213378906,0.4034976959228516,1,1,1,0,0,0,0,0,1,0,0,0,0,0,0,0,0,0,0,1,0,0.09410667419433594,0.0018463134765625,Energia Elétrica,Energia Elétrica,B
148,148,ELET3,21,0.004540443420410156,0.026926040649414062,0,1,1,0,0,1,0,1,0,0,0,0,0,0,0,0,0,0,0,1,0,0.035582542419433594,0.02663755416870117,Energia Elétrica,Energia Elétrica,R
149,149,ELET5,22,0.15265655517578125,0.10975837707519533,1,1,1,0,0,1,0,0,0,0,0,0,0,0,0,0,0,0,0,1,0,0.0723419189453125,0.015943527221679688,Energia Elétrica,Energia Elétrica,R
150,150,ELET6,23,0.05548286437988281,0.02887725830078125,1,1,1,1,0,0,0,0,0,0,0,0,0,0,0,0,0,0,0,1,0,0.04525184631347656,0.03352546691894531,Energia Elétrica,Energia Elétrica,R
151,151,EMAE4,24,0.05091571807861328,0.04603743553161621,1,1,1,1,0,0,0,0,0,0,0,0,0,0,0,0,0,0,0,1,0,0.02326631546020508,0.0015971660614013672,Energia Elétrica,Energia Elétrica,B
152,152,EMBR3,25,0.06195640563965199,0.053768157958980815,1,1,1,0,0,1,0,0,0,0,0,0,0,0,0,0,0,0,0,1,0,0.15396690368651988,0.04067993164062145,Material de Transporte,Material Aeronáutico e de Defesa,R
153,153,ENAT3,26,0.0160064697265625,0.08734130859375,1,1,1,1,0,0,0,0,0,0,0,0,0,0,0,0,0,0,0,1,0,0.009199142456054688,0.06789970397949219,"Petróleo, Gás e Biocombustíveis","Exploração, Refino e Distribuição",B
154,154,ENBR3,27,0.014200210571289062,0.015990257263183594,1,1,1,0,0,1,0,0,0,0,0,0,0,0,0,0,0,0,0,1,0,0.0878896713256836,0.04274177551269531,Energia Elétrica,Energia Elétrica,B
155,155,ENEV3,28,0.13036084175109866,0.15413594245910645,0,1,1,0,0,1,1,0,0,0,0,0,0,0,0,0,0,0,0,1,0,0.017145872116088867,0.05308055877685547,Energia Elétrica,Energia Elétrica,B
156,156,ENGI11,29,0.12997817993164062,0.03977203369140625,0,0,0,0,0,1,0,0,0,0,0,1,1,1,1,0,0,0,0,0,0,0.0643310546875,0.2346305847167969,Energia Elétrica,Energia Elétrica,B
157,157,ENGI3,30,0.02162623405456543,0.014469385147094728,0,0,0,0,0,1,0,0,1,1,1,0,0,0,1,0,0,0,0,0,0,0.018367767333984368,0.03725934028625488,Energia Elétrica,Energia Elétrica,B
158,158,ENGI4,31,0.08720207214355469,0.05753469467163086,0,0,0,1,0,1,0,0,0,0,0,1,0,1,0,0,0,0,0,1,0,0.005590915679931641,0.004731178283691406,Energia Elétrica,Energia Elétrica,B
159,159,ENMT3,32,0.14961719512939453,0.07672548294067383,0,0,0,0,0,0,0,0,0,0,1,1,1,1,1,0,0,0,0,0,0,0.08182954788208008,0.06406450271606445,Energia Elétrica,Energia Elétrica,B
160,160,ENMT4,33,0.05383729934692294,0.041754007339478434,0,1,0,1,0,1,0,0,0,0,0,0,0,1,0,0,0,0,0,1,0,0.0022697448730459877,0.0084209442138663,Energia Elétrica,Energia Elétrica,B
161,161,EQMA3B,34,0.15710067749023793,0.06770324707031605,0,1,0,1,0,1,0,0,0,0,0,0,0,1,1,0,0,0,0,0,0,0.12769889831542613,0.2776832580566442,Energia Elétrica,Energia Elétrica,B
162,162,EQPA3,35,31.735987067222595,16.706444382667538,1,1,0,1,0,0,0,0,0,0,0,0,1,0,0,0,0,0,0,1,0,0.8911771178245544,0.7751774787902832,Energia Elétrica,Energia Elétrica,B
163,163,EQPA5,36,0.06802916526794434,0.03347277641296387,1,0,0,1,0,0,0,0,0,1,0,0,0,1,0,0,0,0,0,1,0,0.038622140884399414,0.002896547317504883,Energia Elétrica,Energia Elétrica,B
164,164,EQPA7,37,0.01557624340057373,0.008695006370544434,1,1,1,1,0,0,0,0,0,0,0,0,0,0,0,0,0,0,0,1,0,0.004294395446777344,0.006196975708007813,Energia Elétrica,Energia Elétrica,B
165,165,EQTL3,38,0.09089660644531428,0.090151786804201,0,1,1,1,0,0,0,0,0,0,0,0,1,1,0,0,0,0,0,0,0,0.0050048828125017755,0.08445167541504084,Energia Elétrica,Energia Elétrica,B
166,166,ESTR4,39,0.02855920791625977,0.012196540832519531,0,1,1,1,0,0,1,0,0,0,0,0,0,0,0,0,0,0,0,1,0,0.02938032150268555,0.0025572776794433594,Viagens e Lazer,Brinquedos e Jogos,B
167,167,ETER3,40,0.07959938049316406,0.06276702880859375,1,1,1,1,0,0,0,0,0,0,0,0,0,0,0,0,0,0,0,1,0,0.022909164428710938,0.04393196105957031,Construção e Engenharia,Produtos para Construção,B
168,168,EUCA3,41,16.214910745620728,62.08401107788086,0,0,0,0,0,0,0,0,0,1,1,0,1,1,1,0,0,0,0,0,0,581.8245964050292,89.89013290405273,Madeira e Papel,Madeira,B
169,169,EUCA4,42,0.056293725967407234,0.010967254638671877,1,1,1,1,0,0,0,0,0,0,0,0,0,0,0,0,0,0,0,1,0,0.002054929733276367,0.02133369445800781,Madeira e Papel,Madeira,B
170,170,EVEN3,43,0.04015207290649414,0.010767221450805664,1,1,1,0,0,1,0,0,0,0,0,0,0,0,0,0,0,0,0,1,0,0.02329540252685547,0.02581048011779785,Construção Civil,Incorporações,B
171,171,FESA3,44,4.61439323425293,14.029633522033693,1,1,1,1,0,0,0,0,0,0,0,0,0,0,0,0,0,0,0,1,0,9.573121070861816,3.5268096923828125,Siderurgia e Metalurgia,Siderurgia,B
172,172,FESA4,45,0.0790872573852539,0.031826019287109375,0,1,1,1,0,1,0,0,0,0,0,0,0,0,0,0,0,0,0,1,0,0.03513002395629883,0.046373844146728516,Siderurgia e Metalurgia,Siderurgia,B
173,173,FHER3,46,0.047672033309936516,0.007308244705200195,0,1,1,1,0,0,0,0,0,0,0,0,0,0,1,0,0,0,0,1,0,0.008075237274169922,0.008079290390014648,Químicos,Fertilizantes e Defensivos,R
174,174,FLRY3,47,0.5277862548828125,0.10840988159179688,0,0,0,0,0,1,1,1,0,0,0,1,1,0,0,0,0,0,0,0,0,0.677520751953125,0.259796142578125,Análises e Diagnósticos,Análises e Diagnósticos,B
175,175,FRAS3,48,0.10190439224243164,0.016183853149414062,1,1,0,1,0,1,0,0,0,0,0,0,0,0,0,0,0,0,0,1,0,0.01875782012939453,0.0005998611450195312,Material de Transporte,Material Rodoviário,B
176,176,FRIO3,49,1.2565231323242188,1.0072708129882812,0,1,1,1,0,1,0,0,0,0,0,0,0,0,0,0,0,0,0,1,0,0.4296150207519531,0.6067352294921875,Máquinas e Equipamentos,Máq. e Equip. Industriais,D
177,177,FRTA3,50,0.08031654357910156,0.1063556671142578,1,1,1,1,0,0,0,0,0,0,0,0,0,0,0,0,0,0,0,1,0,0.06535720825195312,0.10886192321777344,Agropecuária,Agricultura,B
178,178,GEPA3,51,0.03441619873046875,0.05515289306640625,1,1,1,1,0,0,0,0,0,0,0,0,0,0,0,0,0,0,0,1,0,0.08953475952148438,0.00189208984375,Energia Elétrica,Energia Elétrica,B
179,179,GEPA4,52,0.3186607360839844,0.43935394287109375,0,1,0,1,0,1,0,0,0,1,0,0,0,0,0,0,0,0,0,1,0,0.29315948486328125,0.06870651245117188,Energia Elétrica,Energia Elétrica,B
180,180,GFSA3,53,0.12735366821289062,0.3811798095703125,1,1,1,1,0,0,0,0,0,0,0,0,0,0,0,0,0,0,0,1,0,0.1007709503173828,0.06384849548339844,Construção Civil,Incorporações,B
181,181,GGBR3,54,0.1603536605834961,0.019478797912597656,0,1,1,0,0,1,1,0,0,0,0,0,0,0,0,0,0,0,0,1,0,0.005628585815429688,0.07709884643554688,Siderurgia e Metalurgia,Siderurgia,B
182,182,GGBR4,55,0.0014090538024902346,0.03092670440673828,1,1,0,0,0,1,0,0,1,0,0,0,0,0,0,0,0,0,0,1,0,0.05041360855102539,0.02070522308349609,Siderurgia e Metalurgia,Siderurgia,B
183,183,GOAU3,56,0.5465824604034424,0.38381171226501465,1,1,1,0,0,0,1,0,0,0,0,0,0,0,0,0,0,0,0,1,0,0.04816150665283203,0.027401089668273933,Siderurgia e Metalurgia,Siderurgia,B
184,184,GOAU4,57,0.0109100341796875,0.10089778900146484,0,0,1,0,0,1,1,1,0,0,0,0,0,0,0,0,0,0,0,1,0,0.09687995910644533,0.014341354370117188,Siderurgia e Metalurgia,Siderurgia,B
185,185,GOLL4,58,0.08345460891723544,0.13208627700805753,0,0,1,0,0,1,1,0,1,0,0,0,0,0,0,0,0,0,0,1,0,0.04145717620849698,0.08070135116577237,Transporte,Transporte Aéreo,B
186,186,GPAR3,59,0.2630290985107422,0.2982816696166992,0,1,1,1,0,0,0,0,0,0,0,0,0,0,1,0,0,0,0,1,0,0.02622222900390625,0.034873008728027344,Energia Elétrica,Energia Elétrica,B
187,187,GPCP3,60,0.031272053718566895,0.08922958374023438,1,1,0,1,0,1,0,0,0,0,0,0,0,0,0,0,0,0,0,1,0,0.005339145660400391,0.0070531368255615234,Químicos,Petroquímicos,B
188,188,GPIV33,61,0.04200124740600586,0.02394723892211914,1,1,1,1,0,0,0,0,0,0,0,0,0,0,0,0,0,0,0,1,0,0.07344627380371094,0.015636920928955078,Serviços Financeiros Diversos,Gestão de Recursos e Investimentos,B
189,189,GRND3,62,0.024517059326171875,0.030202865600585938,0,0,0,0,0,0,1,1,1,0,0,0,0,1,1,0,0,0,0,0,0,0.02413606643676757,0.12172746658325195,"Tecidos, Vestuário e Calçados",Calçados,B
190,190,GSHP3,63,1.327117919921875,0.6340789794921875,0,1,1,1,0,0,0,0,1,0,0,0,0,0,0,0,0,0,0,1,0,0.358062744140625,0.2069091796875,Exploração de Imóveis,Exploração de Imóveis,R
191,191,GUAR3,0,0.0479736328125,0.3075408935546875,0,1,1,1,0,0,0,0,1,0,0,0,0,0,0,0,0,0,0,1,0,0.3917999267578125,0.3897857666015625,Comércio,"Tecidos, Vestuário e Calçados",B
192,192,HAGA3,1,0.013683319091796877,0.0555419921875,1,1,1,1,0,0,0,0,0,0,0,0,0,0,0,0,0,0,0,1,0,0.06002616882324219,0.0689096450805664,Construção e Engenharia,Produtos para Construção,R
193,193,HAGA4,2,0.004385471343994141,0.00787973403930664,1,0,1,1,0,0,0,0,0,0,0,0,0,0,0,0,0,0,1,1,0,0.017347335815429688,0.01835870742797852,Construção e Engenharia,Produtos para Construção,R
194,194,HBOR3,3,0.008065462112426758,0.004399776458740234,0,1,1,1,0,0,0,0,0,0,0,0,0,1,0,0,0,0,0,1,0,0.004886984825134277,0.0006390810012817383,Construção Civil,Incorporações,B
195,195,HBTS5,4,0.03966999053955078,0.05641365051269531,1,1,1,0,0,1,0,0,0,0,0,0,0,0,0,0,0,0,0,1,0,0.12491226196289062,0.008639335632324219,Exploração de Imóveis,Exploração de Imóveis,B
196,196,HETA4,5,1.1670632362365725,0.3653864860534668,1,1,1,1,0,0,0,0,0,0,0,0,0,0,0,0,0,0,0,1,0,0.2783045768737793,0.02174854278564453,Utilidades Domésticas,Utensílios Domésticos,B
197,197,HGTX3,6,0.007028579711914063,0.597264289855957,1,0,1,1,0,0,0,0,0,0,0,0,0,0,0,1,0,0,0,1,0,0.2578067779541016,0.18282318115234367,"Tecidos, Vestuário e Calçados",Vestuário,B
198,198,HOOT4,7,2486.4092454910283,229.90175342559812,1,1,1,1,0,0,0,0,0,0,0,0,0,0,0,0,0,0,0,1,0,1925.1403245925906,352.113377571106,Hoteis e Restaurantes,Hotelaria,B
199,199,HYPE3,8,0.22413039207458496,0.09857892990112303,1,1,1,1,0,0,0,0,0,0,0,0,0,0,0,0,0,0,0,1,0,0.48641490936279297,0.7002377510070801,Comércio e Distribuição,Medicamentos e Outros Produtos,B
200,200,IGBR3,9,0.18357086181640625,0.29242515563964844,1,1,1,1,0,0,0,0,0,0,0,0,0,0,0,0,0,0,0,1,0,0.36881446838378906,0.210540771484375,Exploração de Imóveis,Exploração de Imóveis,C
201,201,IGTA3,10,0.017376184463500977,0.02194046974182129,0,0,1,1,0,1,0,0,0,0,0,0,0,0,1,0,0,0,0,1,0,0.013986587524414062,0.0005805492401123048,Exploração de Imóveis,Exploração de Imóveis,B
202,202,INEP3,11,0.2456092834472692,0.05233955383301137,0,1,1,1,0,0,0,1,0,0,0,0,0,0,0,0,0,0,0,1,0,0.11067008972168324,0.12139892578125355,Máquinas e Equipamentos,Máq. e Equip. Industriais,B
203,203,INEP4,12,0.10676956176757812,0.10523033142089844,0,1,1,1,0,0,0,0,0,0,0,1,0,0,0,0,0,0,0,1,0,0.12466049194335938,0.062322139739990234,Máquinas e Equipamentos,Máq. e Equip. Industriais,B
204,204,ITSA3,13,0.0660016536712642,0.14050006866455125,1,1,1,1,0,0,0,0,0,0,0,0,0,0,0,0,0,0,0,1,0,0.05868244171142624,0.09472894668579056,Intermediários Financeiros,Bancos,B
205,205,ITSA4,14,0.013388633728027344,0.01057577133178711,0,0,0,0,0,1,1,0,0,0,0,0,0,1,1,0,0,0,0,1,0,0.05300426483154297,0.0002384185791015625,Intermediários Financeiros,Bancos,B
206,206,ITUB3,15,0.0012969970703125,0.04568767547607422,0,0,1,0,0,0,0,0,0,1,1,0,1,0,1,0,0,0,0,0,0,0.0444951057434082,0.08063650131225586,Intermediários Financeiros,Bancos,A
207,207,ITUB4,16,0.04404640197753906,0.1400928497314453,1,0,1,1,0,0,0,0,0,1,0,0,0,0,0,0,0,0,0,1,0,0.10190582275390624,0.04201698303222656,Intermediários Financeiros,Bancos,A
208,208,JBDU3,17,0.21002960205078125,0.07806968688964844,0,0,0,0,0,0,0,0,0,0,1,1,1,1,1,0,0,0,0,0,0,0.6456756591796875,0.8515892028808594,Outros,Outros,E
209,209,JBDU4,18,69.87384033203125,316.5320663452148,0,1,1,1,0,1,0,0,0,0,0,0,0,0,0,0,0,0,0,1,0,62.0062255859375,71.64306640625,Outros,Outros,E
210,210,JBSS3,19,156.03524017333984,57.14700698852539,1,0,1,1,0,1,0,0,0,0,0,0,0,0,0,0,0,0,0,1,0,28.46234893798828,34.85724639892578,Alimentos Processados,Carnes e Derivados,B
211,211,JFEN3,20,0.1425762176513672,0.21015262603759768,0,0,1,1,0,1,0,1,0,0,0,0,0,0,0,0,0,0,0,1,0,0.08979415893554688,0.00856924057006836,Construção Civil,Incorporações,B
212,212,JHSF3,21,0.19717025756835932,0.2512931823730469,0,1,1,1,0,0,1,0,0,0,0,0,0,0,0,0,0,0,0,1,0,0.0327911376953125,0.00289154052734375,Construção Civil,Incorporações,B
213,213,JOPA3,22,0.01358175277709961,0.012021303176879885,1,1,1,1,0,0,0,0,0,0,0,0,0,0,0,0,0,0,0,1,0,0.003355979919433593,0.016640186309814453,Alimentos Processados,Alimentos Diversos,B
214,214,JOPA4,23,0.035778045654296875,0.05092620849609375,1,1,1,0,0,0,1,0,0,0,0,0,0,0,0,0,0,0,0,1,0,0.03660392761230469,0.1405315399169922,Alimentos Processados,Alimentos Diversos,B
215,215,JPSA3,24,0.3030872344970703,0.0510406494140625,0,1,1,0,0,1,0,0,0,0,0,1,0,0,0,0,0,0,0,1,0,0.12486839294433595,0.004886627197265625,Exploração de Imóveis,Exploração de Imóveis,B
216,216,KEPL3,25,0.01807165145874024,0.013359546661376951,1,1,1,0,0,0,1,0,0,0,0,0,0,0,0,0,0,0,0,1,0,0.04180002212524414,0.011127471923828123,Máquinas e Equipamentos,Máq. e Equip. Industriais,B
217,217,KLBN3,26,0.7024097442626953,0.16835594177246094,1,0,1,1,0,1,0,0,0,0,0,0,0,0,0,0,0,0,0,1,0,0.2561359405517578,0.0006732940673828125,Madeira e Papel,Papel e Celulose,B
218,218,KLBN4,27,0.15584850311279294,0.011592864990234377,1,1,1,1,0,0,0,0,0,0,0,0,0,0,0,0,0,0,0,1,0,0.028575897216796875,0.03493928909301758,Madeira e Papel,Papel e Celulose,B
219,219,LAME3,28,0.004108190536499024,0.01619553565979004,0,0,0,0,0,0,0,0,0,1,1,0,1,1,1,0,0,0,0,0,0,0.0038263797760009774,0.0971982479095459,Comércio,Produtos Diversos,B
220,220,LAME4,29,0.15288829803466794,0.06928825378417969,0,0,1,1,0,1,0,0,1,0,0,0,0,0,0,0,0,0,0,1,0,0.021262168884277344,0.06134796142578125,Comércio,Produtos Diversos,B
221,221,LCAM3,30,1.3829269409179688,15.64306926727295,1,1,1,1,0,0,0,0,0,0,0,0,0,0,0,0,0,0,0,1,0,19.354256153106693,24.057347297668446,Diversos,Aluguel de carros,B
222,222,LEVE3,31,0.06884384155273438,0.0934591293334961,0,0,0,0,0,0,0,0,0,1,1,1,1,1,0,0,0,0,0,0,0,0.2032690048217773,0.4225130081176758,Automóveis e Motocicletas,Automóveis e Motocicletas,B
223,223,LIGT3,32,0.03811454772949219,0.1328754425048828,0,0,1,1,0,0,1,1,0,0,0,0,0,0,0,0,0,0,0,1,0,0.00246429443359375,0.001445770263671875,Energia Elétrica,Energia Elétrica,B
224,224,LINX3,33,0.1907291412353516,0.1698474884033203,0,1,1,1,0,0,1,0,0,0,0,0,0,0,0,0,0,0,0,1,0,0.15347671508789062,0.12224483489990234,Programas e Serviços,Programas e Serviços,B
225,225,LIPR3,34,0.17071533203124645,0.06540870666503551,0,1,0,1,0,0,0,1,0,0,0,0,0,0,0,1,0,0,0,1,0,0.05733871459960582,0.04084205627441051,Energia Elétrica,Energia Elétrica,E
226,226,LLIS3,35,0.07084274291992188,0.3447227478027344,0,0,0,0,0,0,0,0,0,0,1,1,1,1,1,0,0,0,0,0,0,0.6240501403808594,0.11284637451171875,Comércio,"Tecidos, Vestuário e Calçados",B
227,227,LOGN3,36,0.4499702453613281,0.1356201171875,1,1,1,1,0,0,0,0,0,0,0,0,0,0,0,0,0,0,0,1,0,0.2304306030273437,0.0376434326171875,Transporte,Transporte Hidroviário,B
228,228,LPSB3,37,0.09482216835021973,0.0005934238433837893,0,0,1,1,0,0,0,0,0,0,0,1,0,0,1,0,0,0,0,1,0,0.06167745590209961,0.017740488052368164,Exploração de Imóveis,Intermediação Imobiliária,B
229,229,LREN3,38,0.02744150161743164,0.026471614837646484,1,1,1,1,0,0,0,0,0,0,0,0,0,0,0,0,0,0,0,1,0,0.04977846145629883,0.021756649017333984,Comércio,"Tecidos, Vestuário e Calçados",B
230,230,LUPA3,39,5.008167266845703,19.968003273010254,1,1,1,1,0,0,0,0,0,0,0,0,0,0,0,0,0,0,0,1,0,1.2662277221679688,2.296916961669922,"Petróleo, Gás e Biocombustíveis",Equipamentos e Serviços,R
231,231,LUXM3,40,6.1010780334472665,12.05609893798828,0,0,1,0,0,0,0,0,0,0,0,1,1,1,1,0,0,0,0,0,0,4.940683603286743,7.131003379821777,Transporte,Transporte Hidroviário,B
232,232,LUXM4,41,0.004055023193359375,0.005046844482421875,1,1,1,0,0,0,0,0,0,0,0,0,0,1,0,0,0,0,0,1,0,0.004564762115478516,0.004527091979980469,Transporte,Transporte Hidroviário,B
233,233,MAPT3,42,0.062374114990234375,0.02098846435546875,1,1,1,0,0,0,0,1,0,0,0,0,0,0,0,0,0,0,0,1,0,0.08919811248779297,0.03470897674560547,Outros,Outros,E
234,234,MAPT4,43,4888.08349609375,3373.94287109375,1,1,1,1,0,0,0,0,0,0,0,0,0,0,0,0,0,0,0,1,0,3934.101806640625,3313.5322265625,Outros,Outros,E
235,235,MDIA3,44,5.996835500001907,15.486522197723387,1,1,1,1,0,0,0,0,0,0,0,0,0,0,0,0,0,0,0,1,0,6.464504539966582,4.729185581207275,Alimentos Processados,Alimentos Diversos,B
236,236,MEAL3,45,0.3788108825683594,0.0523681640625,0,1,1,1,0,1,0,0,0,0,0,0,0,0,0,0,0,0,0,1,0,0.0680999755859375,0.3233299255371094,Hoteis e Restaurantes,Restaurante e Similares,B
237,237,MEND6,46,0.0756235122680664,0.15686750411987305,1,1,1,1,0,0,0,0,0,0,0,0,0,0,0,0,0,0,0,1,0,0.02781391143798828,0.023898601531982425,,,R
238,238,MERC3,47,0.05141448974609375,0.03824138641357422,0,0,1,1,0,0,0,1,0,1,0,0,0,0,0,0,0,0,0,1,0,0.08844757080078125,0.0018758773803710933,Intermediários Financeiros,Soc. Crédito e Financiamento,A
239,239,MERC4,48,0.092803955078125,0.06081390380859375,1,1,1,0,0,0,0,0,0,0,0,0,0,0,0,0,0,0,1,1,0,0.016806602478027344,0.10566329956054688,Intermediários Financeiros,Soc. Crédito e Financiamento,A
240,240,MGEL4,49,0.03560686111450195,0.011350154876708984,1,1,1,0,0,1,0,0,0,0,0,0,0,0,0,0,0,0,0,1,0,0.004938125610351562,0.003090381622314453,Siderurgia e Metalurgia,Artefatos de Ferro e Aço,B
241,241,MGLU3,50,0.010551214218139648,0.15477752685546875,0,1,1,1,0,1,0,0,0,0,0,0,0,0,0,0,0,0,0,1,0,0.051432132720947266,0.02395153045654297,Comércio,Eletrodomésticos,B
242,242,MILS3,51,0.028427600860595707,0.03819847106933594,0,0,0,0,0,0,0,0,1,1,1,1,1,0,0,0,0,0,0,0,0,0.3973889350891113,0.3798656463623047,Construção e Engenharia,Serviços Diversos,R
243,243,MMXM3,52,0.05477643013000488,0.06377029418945312,0,1,1,0,0,1,1,0,0,0,0,0,0,0,0,0,0,0,0,1,0,0.006386280059814453,0.004708528518676758,Mineração,Minerais Metálicos,R
244,244,MNDL3,53,3.743314027786255,6.408014535903932,1,1,1,1,0,0,0,0,0,0,0,0,0,0,0,0,0,0,0,1,0,4.1381587982177725,0.25659847259521484,"Tecidos, Vestuário e Calçados",Acessórios,B
245,245,MNPR3,54,2.3180742263793945,0.7009034156799316,0,1,1,1,0,0,0,0,0,0,0,0,0,0,0,0,0,1,0,1,0,0.8313961029052734,0.5722942352294922,Alimentos Processados,Carnes e Derivados,B
246,246,MOAR3,55,718.393798828125,1563.646484375,0,0,0,0,0,0,1,1,1,0,0,0,1,0,0,0,0,0,0,1,0,36.69380187988281,1095.88818359375,Holdings Diversificadas,Holdings Diversificadas,B
247,247,MRFG3,56,0.279083251953125,0.34561920166015625,0,0,0,1,0,0,0,0,0,1,0,1,1,1,0,0,0,0,0,0,0,1.2825164794921875,2.1473617553710938,Alimentos Processados,Carnes e Derivados,R
248,248,MRSA3B,57,0.0833888053894043,0.02327203750610352,1,1,1,1,0,0,0,0,0,0,0,0,0,0,0,0,0,0,0,1,0,0.042531490325927734,0.046540260314941406,Transporte,Transporte Ferroviário,B
249,249,MRVE3,58,0.017297267913817468,0.00020408630371004932,0,0,0,0,0,0,0,1,0,1,1,1,0,1,0,0,0,0,0,0,0,0.11158180236816496,0.05554533004760831,Construção Civil,Incorporações,B
250,250,MSPA3,59,0.002473831176756036,0.1169376373290998,1,1,1,1,0,0,0,0,0,0,0,0,0,0,0,0,0,0,0,1,0,0.04423141479492365,0.07626914978027166,Madeira e Papel,Papel e Celulose,B
251,251,MSPA4,60,0.17638397216796875,0.1394634246826172,0,1,0,0,0,1,0,0,0,1,0,0,0,0,1,0,0,0,0,1,0,0.1334209442138672,0.011083602905273438,Madeira e Papel,Papel e Celulose,B
252,252,MTIG3,61,0.021923065185546875,0.2399520874023437,1,1,1,0,0,0,0,1,0,0,0,0,0,0,0,0,0,0,0,1,0,0.3166732788085937,0.023288726806640625,Embalagens,Embalagens,R
253,253,MTIG4,0,1.679059982299805,1.1018753051757812,0,0,0,0,0,1,0,1,0,0,0,1,1,1,0,0,0,0,0,0,0,0.6089515686035156,0.6232357025146484,Embalagens,Embalagens,R
254,254,MTSA4,1,0.023773193359375,0.1332530975341797,0,0,1,0,0,0,0,0,0,0,0,1,1,1,1,0,0,0,0,0,0,0.2214956283569336,0.09609222412109376,Máquinas e Equipamentos,Máq. e Equip. Construção e Agrícolas,B
255,255,MULT3,2,0.142913818359375,0.0183868408203125,0,0,0,0,0,0,0,0,0,1,1,0,0,1,1,0,0,0,0,1,0,0.14861297607421875,0.1349468231201172,Exploração de Imóveis,Exploração de Imóveis,B
256,256,MWET3,3,0.17939186096191406,1.335580825805664,1,1,0,1,0,1,0,0,0,0,0,0,0,0,0,0,0,0,0,1,0,1.9499149322509768,0.8008937835693359,Material de Transporte,Material Rodoviário,B
257,257,MWET4,4,0.19815564155578613,0.08272194862365723,0,1,1,1,0,1,0,0,0,0,0,0,0,0,0,0,0,0,0,1,0,0.06839847564697266,0.05139875411987305,Material de Transporte,Material Rodoviário,B
258,258,MYPK3,5,0.048358917236328125,0.12014007568359375,0,0,1,1,0,1,1,0,0,0,0,0,0,0,0,0,0,0,0,1,0,0.04566001892089844,0.03352546691894531,Automóveis e Motocicletas,Automóveis e Motocicletas,B
259,259,NORD3,6,59.04537355899811,75.73246920108795,1,1,0,1,0,0,0,0,1,0,0,0,0,0,0,0,0,0,0,1,0,4.223912835121155,3.5277875661849976,Máquinas e Equipamentos,Máq. e Equip. Industriais,R
260,260,NUTR3,7,0.5398635864257812,0.6819572448730469,0,1,1,1,0,0,0,0,0,0,0,0,0,1,0,0,0,0,0,1,0,0.2366218566894531,0.12169647216796875,Químicos,Fertilizantes e Defensivos,R
261,261,ODPV3,8,0.014842033386230469,0.0013666152954101562,0,0,0,0,0,0,0,0,0,0,1,1,1,1,1,0,0,0,0,0,0,0.033321380615234375,0.2826805114746094,Análises e Diagnósticos,Análises e Diagnósticos,D
262,262,OIBR3,9,0.4408763647079468,0.4159460067749024,0,1,1,1,0,1,0,0,0,0,0,0,0,0,0,0,0,0,0,1,0,0.06545877456665039,0.2384159564971924,Telecomunicações,Telecomunicações,R
263,263,OIBR4,10,0.7137678861618042,0.17325985431671145,0,1,1,0,0,0,0,0,0,0,0,0,0,1,1,0,0,0,0,1,0,0.10100281238555907,0.030005812644958493,Telecomunicações,Telecomunicações,R
264,264,OSXB3,11,0.5516476631164551,0.3961491584777832,0,0,0,0,0,0,0,0,0,1,1,1,1,1,0,0,0,0,0,0,0,5.264895439147949,3.1311168670654297,"Petróleo, Gás e Biocombustíveis",Equipamentos e Serviços,R
265,265,PATI3,12,0.2929897308349609,0.0005121231079101561,1,1,1,1,0,0,0,0,0,0,0,0,0,0,0,0,0,0,0,1,0,0.006927490234375,0.05435848236083984,Siderurgia e Metalurgia,Artefatos de Ferro e Aço,B
266,266,PATI4,13,0.2006244659423828,0.1708831787109375,1,1,1,1,0,0,0,0,0,0,0,0,0,0,0,0,0,0,0,1,0,0.09645652770996094,0.023906707763671875,Siderurgia e Metalurgia,Artefatos de Ferro e Aço,B
267,267,PCAR3,14,0.23126220703125,0.14080810546875,1,1,1,1,0,0,0,0,0,0,0,0,0,0,0,0,0,0,0,1,0,0.2120513916015625,0.028778076171875,Comércio e Distribuição,Alimentos,B
268,268,PDGR3,15,0.6554641723632812,4.506399154663086,0,1,0,0,0,0,1,0,1,0,1,0,0,0,0,0,0,0,0,1,0,2.0849857330322266,1.2137336730957031,Construção Civil,Incorporações,R
269,269,PEAB3,16,0.0226287841796875,0.04388236999511719,0,1,0,0,0,1,0,1,0,0,0,0,1,1,0,0,0,0,0,0,0,0.1371173858642578,0.11266136169433595,Holdings Diversificadas,Holdings Diversificadas,C
270,270,PEAB4,17,0.3002738952636719,0.7137184143066406,0,1,0,0,0,1,1,0,1,0,0,0,0,0,0,0,0,0,0,1,0,0.05608367919921875,0.1913909912109375,Holdings Diversificadas,Holdings Diversificadas,C
271,271,PETR3,18,0.16226577758789062,0.1223306655883789,1,1,1,0,0,1,0,0,0,0,0,0,0,0,0,0,0,0,0,1,0,0.01027202606201172,0.03229522705078125,"Petróleo, Gás e Biocombustíveis","Exploração, Refino e Distribuição",R
272,272,PETR4,19,0.058746337890625,0.04815196990966797,1,1,1,0,0,1,0,0,0,0,0,0,0,0,0,0,0,0,0,1,0,0.02254009246826172,0.044686317443847656,"Petróleo, Gás e Biocombustíveis","Exploração, Refino e Distribuição",R
273,273,PFRM3,20,0.18683433532714844,0.2377729415893555,0,0,0,1,0,0,0,0,0,0,0,0,1,1,1,0,0,0,0,1,0,0.16010665893554688,0.011046409606933594,Comércio e Distribuição,Medicamentos e Outros Produtos,B
274,274,PINE4,21,0.01737236976623535,0.0072138309478759766,0,1,1,0,0,1,1,0,0,0,0,0,0,0,0,0,0,0,0,1,0,0.00902867317199707,0.013180255889892578,Intermediários Financeiros,Bancos,A
275,275,PLAS3,22,0.04652976989746094,0.01058673858642578,1,1,1,1,0,0,0,0,0,0,0,0,0,0,0,0,0,0,0,1,0,0.2832136154174805,0.0641326904296875,Automóveis e Motocicletas,Automóveis e Motocicletas,B
276,276,PMAM3,23,0.9381561279296876,0.4646339416503906,1,1,1,1,0,0,0,0,0,0,0,0,0,0,0,0,0,0,0,1,0,0.2335052490234375,0.2422065734863281,Siderurgia e Metalurgia,Artefatos de Cobre,D
277,277,PNVL3,24,0.088531494140625,0.011088848114013672,0,0,0,0,0,0,0,1,0,1,1,1,1,0,0,0,0,0,0,0,0,0.058680057525634766,0.04559516906738281,Comércio e Distribuição,Medicamentos e Outros Produtos,B
278,278,PNVL4,25,0.0577993392944336,0.01996374130249024,0,0,0,1,0,0,0,0,0,0,1,0,1,1,1,0,0,0,0,0,0,0.06847333908081055,0.1028594970703125,Comércio e Distribuição,Medicamentos e Outros Produtos,B
279,279,POMO3,26,0.005153417587280274,0.01982450485229492,1,1,1,1,0,0,0,0,0,0,0,0,0,0,0,0,0,0,0,1,0,0.004384517669677734,0.008119344711303711,Material de Transporte,Material Rodoviário,B
280,280,POMO4,27,0.014335632324218306,0.000621318817139116,0,0,1,1,0,0,0,0,0,0,0,0,0,1,1,0,0,0,0,1,0,0.034674167633057085,0.01711058616638228,Material de Transporte,Material Rodoviário,B
281,281,POSI3,28,0.02160358428955078,0.05789947509765625,0,0,1,1,0,0,1,0,1,0,0,0,0,0,0,0,0,0,0,1,0,0.016332626342773438,0.06603050231933594,Computadores e Equipamentos,Computadores e Equipamentos,B
282,282,PRIO3,29,0.0409386157989502,0.006038308143615723,0,0,0,0,0,0,0,0,0,1,0,1,1,1,1,0,0,0,0,0,0,0.18467140197753906,0.07976925373077393,"Petróleo, Gás e Biocombustíveis","Exploração, Refino e Distribuição",B
283,283,PSSA3,30,0.06519126892089844,0.0930328369140625,0,1,1,1,0,0,1,0,0,0,0,0,0,0,0,0,0,0,0,1,0,0.3742275238037109,0.0991840362548828,Previdência e Seguros,Seguradoras,D
284,284,PTBL3,31,0.0432207584381108,0.011096239089965376,0,1,1,1,0,1,0,0,0,0,0,0,0,0,0,0,0,0,0,1,0,0.012070417404174359,0.0008378028869633347,Construção e Engenharia,Produtos para Construção,B
285,285,PTNT3,32,6.988261222839356,2.070178270339966,0,0,0,0,0,0,0,1,0,1,0,1,1,0,0,0,0,0,1,0,0,183.57421636581418,124.11929559707642,"Tecidos, Vestuário e Calçados",Fios e Tecidos,B
286,286,PTNT4,33,0.05012726783752442,0.026920557022094727,0,1,1,1,0,1,0,0,0,0,0,0,0,0,0,0,0,0,0,1,0,0.029598712921142575,0.007458686828613281,"Tecidos, Vestuário e Calçados",Fios e Tecidos,B
287,287,QUAL3,34,0.27380847930908203,0.2601499557495117,0,1,1,1,0,0,1,0,0,0,0,0,0,0,0,0,0,0,0,1,0,0.03157234191894531,0.0628347396850586,Análises e Diagnósticos,Análises e Diagnósticos,B
288,288,RADL3,35,0.03616476058959961,0.014781475067138672,0,0,1,0,0,0,0,0,0,0,0,1,1,1,1,0,0,0,0,0,0,0.07733583450317383,0.022177696228027344,Comércio e Distribuição,Medicamentos e Outros Produtos,B
289,289,RANI3,36,0.0036673545837402335,0.0017664432525634766,1,1,1,1,0,0,0,0,0,0,0,0,0,0,0,0,0,0,0,1,0,0.010765314102172852,0.02707982063293457,Madeira e Papel,Papel e Celulose,B
290,290,RAPT3,37,1.295422077178955,0.9554276466369628,0,0,0,0,1,0,0,0,0,0,0,0,0,1,0,0,1,1,1,0,0,3.788048267364502,4.8018107414245605,Material de Transporte,Material Rodoviário,B
291,291,RAPT4,38,0.05103683471679688,0.01751565933227539,0,1,1,0,0,0,0,0,0,0,0,1,0,1,0,0,0,0,0,1,0,0.004777908325195313,0.018012046813964844,Material de Transporte,Material Rodoviário,B
292,292,RCSL4,39,0.4406242370605469,2.516764640808105,1,0,1,1,0,1,0,0,0,0,0,0,0,0,0,0,0,0,0,1,0,1.3974428176879885,0.3968639373779297,Material de Transporte,Material Rodoviário,R
293,293,RDNI3,40,0.025709152221679688,0.003031730651855469,0,1,1,0,0,0,0,0,0,0,0,0,0,1,1,0,0,0,0,1,0,0.050191402435302734,0.015275001525878906,Construção Civil,Incorporações,B
294,294,REDE3,41,0.02244985103607177,0.012821078300476074,0,1,1,1,0,1,0,0,0,0,0,0,0,0,0,0,0,0,0,1,0,0.0010466575622558594,0.0008882284164428711,Energia Elétrica,Energia Elétrica,B
295,295,RENT3,42,0.007341384887697089,0.07438278198242365,0,1,1,1,0,1,0,0,0,0,0,0,0,0,0,0,0,0,0,1,0,0.10376071929931817,0.0577354431152326,Diversos,Aluguel de carros,B
296,296,RNEW11,43,6.438701629638668,5.593648910522457,0,0,1,1,0,1,0,0,0,0,0,1,0,0,0,0,0,0,0,1,0,0.049671173095699565,0.09286499023437857,Energia Elétrica,Energia Elétrica,B
297,297,RNEW3,44,2.4299120903015137,0.6225428581237793,0,0,0,0,0,1,0,0,1,0,1,0,1,1,0,0,0,0,0,0,0,0.02136993408203125,0.6501460075378418,Energia Elétrica,Energia Elétrica,B
298,298,ROMI3,45,0.010189175605773926,0.008474349975585938,1,1,1,1,0,0,0,0,0,0,0,0,0,0,0,0,0,0,0,1,0,0.012208342552185059,0.0544428825378418,Máquinas e Equipamentos,Máq. e Equip. Industriais,B
299,299,RPAD3,46,0.010333538055419922,0.014361381530761719,0,1,0,1,0,1,0,1,1,0,0,0,0,0,0,0,0,0,0,0,0,0.02120065689086914,0.005009174346923828,Intermediários Financeiros,Bancos,R
300,300,RPAD5,47,0.006984472274780274,0.01064753532409668,0,1,1,0,0,1,0,0,1,0,0,0,0,0,0,0,0,0,0,1,0,0.003627777099609375,0.020259618759155273,Intermediários Financeiros,Bancos,R
301,301,RPAD6,48,0.007668018341064453,0.00048029422760009766,1,0,1,1,0,1,0,0,0,0,0,0,0,0,0,0,0,0,0,1,0,0.002360105514526367,0.0003437995910644531,Intermediários Financeiros,Bancos,R
302,302,RPMG3,49,0.14558172225952148,0.002841949462890625,1,1,0,0,0,0,0,0,0,0,0,0,1,0,1,0,0,0,0,1,0,0.12015342712402345,0.06080293655395508,"Petróleo, Gás e Biocombustíveis","Exploração, Refino e Distribuição",C
303,303,RSID3,50,1.543154716491701,1.5074453353881818,1,1,1,0,0,1,0,0,0,0,0,0,0,0,0,0,0,0,0,1,0,1.1184787750244158,0.09039402008056817,Construção Civil,Incorporações,B
304,304,RSUL4,51,53.29778289794922,2.409475326538086,1,0,1,1,0,1,0,0,0,0,0,0,0,0,0,0,0,0,0,1,0,0.4558486938476562,1.1594371795654297,Material de Transporte,Material Rodoviário,R
305,305,SANB11,52,0.16769790649414062,0.08731842041015625,1,1,1,0,0,1,0,0,0,0,0,0,0,0,0,0,0,0,0,1,0,0.23328399658203125,0.15406036376953125,Intermediários Financeiros,Bancos,C
306,306,SANB3,53,6.301545143127441,0.6189484596252441,1,1,1,1,0,1,0,0,0,0,0,0,0,0,0,0,0,0,0,0,0,5.4133981466293335,16.687692642211914,Intermediários Financeiros,Bancos,C
307,307,SANB4,54,3.897165775299072,1.202326774597168,1,0,1,1,0,1,0,0,0,0,0,0,0,0,0,0,0,0,0,1,0,1.2114276885986328,11.682580471038818,Intermediários Financeiros,Bancos,C
308,308,SAPR3,55,0.0305855274200435,0.0203464031219478,1,1,1,1,0,0,0,0,0,0,0,0,0,0,0,0,0,0,0,1,0,0.019574165344238725,0.01661109924316451,Água e Saneamento,Água e Saneamento,B
309,309,SAPR4,56,0.001367330551147905,0.015429735183716263,1,1,1,0,0,1,0,0,0,0,0,0,0,0,0,0,0,0,0,1,0,0.0021255016326899856,0.030188322067260295,Água e Saneamento,Água e Saneamento,B
310,310,SBSP3,57,0.05438995361328125,0.10709571838378906,1,1,1,0,0,1,0,0,0,0,0,0,0,0,0,0,0,0,0,1,0,0.16387939453125,0.07497215270996094,Água e Saneamento,Água e Saneamento,B
311,311,SCAR3,58,0.04336738586425781,0.02579498291015625,1,1,1,1,0,0,0,0,0,0,0,0,0,0,0,0,0,0,0,1,0,0.1326923370361328,0.10338592529296876,Exploração de Imóveis,Exploração de Imóveis,B
312,312,SEER3,59,0.4068012237548864,0.15757560729980824,0,1,1,1,0,0,0,0,0,0,0,0,0,0,1,0,0,0,0,1,0,0.008575439453128553,0.01403999328612926,Diversos,Serviços Educacionais,B
313,313,SGPS3,60,0.17710685729980646,0.06084823608398615,0,1,0,0,0,1,0,1,0,0,0,0,0,0,1,0,0,0,0,1,0,0.14219570159911932,0.09775924682617364,"Tecidos, Vestuário e Calçados",Fios e Tecidos,B
314,314,SHOW3,61,0.034127235412597656,0.02976512908935547,0,1,1,1,0,0,0,1,1,0,0,0,0,0,0,0,0,0,0,0,0,0.015524864196777344,0.035624027252197266,Viagens e Lazer,Produção de Eventos e Shows,B
315,315,SHUL4,62,0.011969447135925515,0.02053642272949241,0,1,1,0,0,0,0,0,0,1,0,1,0,0,0,0,0,0,0,1,0,0.010179996490478294,0.01058053970336892,Máquinas e Equipamentos,"Motores, Compressores e Outros",B
316,316,SLCE3,63,0.008740425109863281,0.01793384552001953,0,0,1,1,0,1,0,0,0,0,0,0,0,0,1,0,0,0,0,1,0,0.003937721252441406,0.028852462768554688,Agropecuária,Agricultura,B
317,317,SLED3,64,0.08105325698852539,0.04565238952636719,1,1,1,1,0,0,0,0,0,0,0,0,0,0,0,0,0,0,0,1,0,0.004467487335205078,0.01521158218383789,Comércio,Produtos Diversos,B
318,318,SLED4,65,0.14333009719848633,0.055118560791015625,1,1,1,0,0,1,0,0,0,0,0,0,0,0,0,0,0,0,0,1,0,0.07693624496459961,0.07918643951416016,Comércio,Produtos Diversos,B
319,319,SMLS3,66,0.9640731811523438,0.15657424926757812,0,1,1,0,0,0,1,0,0,0,1,0,0,0,0,0,0,0,0,1,0,0.5208091735839844,0.35831451416015625,Diversos,Programas de Fidelização,D
320,320,SMTO3,67,0.006229400634765625,0.08810806274414062,1,1,1,0,0,0,0,0,0,0,0,0,0,1,0,0,0,0,0,1,0,0.09479141235351562,0.11944198608398438,Alimentos Processados,Açucar e Alcool,B
321,321,SNSY5,68,0.023116469383239743,0.013564109802246094,1,1,1,1,0,0,0,0,0,0,0,0,0,0,0,0,0,0,0,1,0,0.002810955047607422,0.0013132095336914062,Materiais Diversos,Materiais Diversos,B
322,322,SOND5,69,0.5040454864501953,0.9495124816894532,1,1,1,0,0,0,0,0,0,0,0,0,0,1,0,0,0,0,0,1,0,0.1885204315185547,0.141754150390625,Construção e Engenharia,Engenharia Consultiva,D
323,323,SOND6,70,0.10128116607666016,0.12744712829589844,1,1,1,0,0,0,0,1,0,0,0,0,0,0,0,0,0,0,0,1,0,0.016042709350585938,0.03792858123779297,Construção e Engenharia,Engenharia Consultiva,D
324,324,SQIA3,71,0.10228586196899414,0.10605525970458984,0,0,0,0,0,0,0,0,0,0,1,1,1,1,1,0,0,0,0,0,0,0.5020427703857422,0.3610701560974121,Programas e Serviços,Programas e Serviços,R
325,325,STBP3,72,0.03855133056640625,0.0225210189819336,0,0,0,1,0,0,0,0,0,0,0,1,0,1,1,0,0,0,0,1,0,0.011006355285644531,0.05066967010498047,Transporte,Serviços de Apoio e Armazenagem,B
326,326,SULA11,73,0.08517646789550781,0.04969978332519531,0,0,0,0,0,0,0,0,0,0,1,1,1,1,0,0,0,0,0,1,0,0.1425342559814453,0.0606842041015625,Previdência e Seguros,Seguradoras,B
327,327,SULA3,74,0.1964797973632848,0.2634983062744176,1,1,1,1,0,0,0,0,0,0,0,0,0,0,0,0,0,0,0,1,0,0.6909275054931605,0.2783889770507777,Previdência e Seguros,Seguradoras,B
328,328,SUZB3,75,0.02401924133300781,0.04059028625488281,0,0,0,0,0,1,0,1,0,0,0,0,0,1,0,0,1,1,0,0,0,0.016324996948242188,0.027988433837890625,Madeira e Papel,Papel e Celulose,R
329,329,TAEE11,76,0.1644439697265625,0.1107807159423828,0,0,0,1,0,1,1,0,1,0,0,0,0,0,0,0,0,0,0,1,0,0.07476615905761719,0.07092857360839844,Energia Elétrica,Energia Elétrica,B
330,330,TAEE3,77,0.0465087890625,0.014641761779785156,1,1,0,0,0,1,1,0,0,0,0,0,0,0,0,0,0,0,0,1,0,0.12629318237304688,0.023204803466796875,Energia Elétrica,Energia Elétrica,B
331,331,TASA3,78,0.6980890035629272,0.3175463676452637,0,0,0,0,0,0,0,1,0,0,0,0,1,0,1,1,0,1,0,0,0,0.8325601816177368,5.090165615081787,Máquinas e Equipamentos,Armas e Munições,B
332,332,TASA4,79,0.11592745780944826,0.0531315803527832,1,1,1,1,0,0,0,0,0,0,0,0,0,0,0,0,0,0,0,1,0,0.03569459915161133,0.01165008544921875,Máquinas e Equipamentos,Armas e Munições,B
333,333,TCNO3,80,0.10731649398803712,0.016681671142578125,1,1,1,1,0,0,0,0,0,0,0,0,0,0,0,0,0,0,0,1,0,0.08751821517944336,0.03232574462890625,Construção e Engenharia,Engenharia Consultiva,R
334,334,TCNO4,81,4.693854928016664,0.14745354652404785,0,1,0,1,1,0,0,0,1,0,0,0,0,0,0,0,0,0,0,1,0,0.028632521629333493,0.21745318174362185,Construção e Engenharia,Engenharia Consultiva,R
335,335,TCSA3,82,0.3111438751220703,0.1712779998779297,1,1,1,0,0,1,0,0,0,0,0,0,0,0,0,0,0,0,0,1,0,0.22038650512695312,0.3209724426269531,Construção Civil,Incorporações,B
336,336,TECN3,83,0.05246806144714356,0.046952366828918464,0,0,0,0,0,0,0,0,0,1,0,1,1,1,1,0,0,0,0,0,0,0.2497692108154297,0.2328929901123047,"Tecidos, Vestuário e Calçados",Acessórios,B
337,337,TEKA3,84,79.27119064331055,114.65339660644531,1,1,1,1,0,0,0,0,0,0,0,0,0,0,0,0,0,0,0,1,0,40.64791870117188,15.81152629852295,"Tecidos, Vestuário e Calçados",Fios e Tecidos,B
338,338,TEKA4,0,1.5462918281555176,0.6733279228210449,1,1,1,1,0,0,0,0,0,0,0,0,0,0,0,0,0,0,0,1,0,0.2234630584716797,0.01029205322265625,"Tecidos, Vestuário e Calçados",Fios e Tecidos,B
339,339,TELB3,1,0.3045978546142578,0.5299663543701172,1,1,1,1,0,0,0,0,0,0,0,0,0,0,0,0,0,0,0,1,0,0.12174606323242188,0.05973625183105469,Telecomunicações,Telecomunicações,R
340,340,TELB4,2,0.2649955749511719,0.04863929748535156,1,1,1,1,0,0,0,0,0,0,0,0,0,0,0,0,0,0,0,1,0,0.0920429229736328,0.09551620483398438,Telecomunicações,Telecomunicações,R
341,341,TEND3,3,0.08861494064331055,0.04740476608276367,0,0,1,1,0,0,0,0,0,0,0,0,0,1,1,0,0,0,0,1,0,0.027053356170654297,0.006045341491699219,Construção Civil,Incorporações,B
342,342,TENE5,4,245.57318115234366,48.92819213867188,1,1,0,0,0,1,0,0,0,0,0,0,0,0,1,0,0,0,0,1,0,299.7715148925781,196.17530822753903,"Tecidos, Vestuário e Calçados",Fios e Tecidos,E
343,343,TESA3,5,0.645564079284668,1.0657377243041992,0,0,0,0,0,0,1,1,0,0,0,1,0,1,1,0,0,0,0,0,0,0.2326650619506836,0.7264852523803711,Agropecuária,Agricultura,B
344,344,TGMA3,6,0.1169090270996076,0.01346397399902166,0,1,1,1,0,0,1,0,0,0,0,0,0,0,0,0,0,0,0,1,0,0.029749870300291192,0.07790279388427558,Transporte,Transporte Rodoviário,B
345,345,TIET3,7,1.6729230880737305,0.2131824493408203,1,1,0,1,0,0,0,0,0,0,0,0,1,0,0,0,0,0,0,1,0,0.15328574180603027,0.07444906234741211,Energia Elétrica,Energia Elétrica,B
346,346,TIET4,8,0.011831283569335938,0.13282394409179688,0,0,0,0,0,0,0,0,0,0,1,1,1,1,1,0,0,0,0,0,0,0.4647197723388672,0.09519386291503906,Energia Elétrica,Energia Elétrica,B
347,347,TIMS3,9,0.014651298522949219,0.03760719299316406,0,1,1,1,0,1,0,0,0,0,0,0,0,0,0,0,0,0,0,1,0,0.015001296997070312,0.03085041046142578,Telecomunicações,Telecomunicações,B
348,348,TKNO4,10,0.07037353515625,0.07055473327636719,1,1,1,0,0,1,0,0,0,0,0,0,0,0,0,0,0,0,0,1,0,0.03647232055664063,0.033061981201171875,Siderurgia e Metalurgia,Artefatos de Ferro e Aço,B
349,349,TOTS3,11,0.04738807678222656,0.05547809600830078,0,1,0,0,0,0,0,0,0,0,0,0,1,1,1,0,0,0,0,1,0,0.07088375091552734,0.03391838073730469,Programas e Serviços,Programas e Serviços,B
350,350,TPIS3,12,0.11928343772888185,0.027387619018554688,0,1,1,0,0,1,0,0,1,0,0,0,0,0,0,0,0,0,0,1,0,0.023957014083862305,0.011180639266967772,Transporte,Exploração de Rodovias,B
351,351,TRIS3,13,0.017676830291748047,0.006103754043579102,1,1,1,1,0,0,0,0,0,0,0,0,0,0,0,0,0,0,0,1,0,0.006475687026977539,0.001450181007385254,Construção Civil,Incorporações,B
352,352,TRPL3,14,0.09668350219726562,0.1437368392944336,0,0,1,0,0,0,0,0,0,1,0,1,0,1,1,0,0,0,0,0,0,0.07827091217041016,0.01467132568359375,Energia Elétrica,Energia Elétrica,B
353,353,TRPL4,15,10.771247655153275,18.4943790435791,1,1,1,1,0,0,0,0,0,0,0,0,0,0,0,0,0,0,0,1,0,1.2075738906860352,1.624192237854004,Energia Elétrica,Energia Elétrica,B
354,354,TUPY3,16,0.17626380920410156,0.28531646728515625,0,0,0,1,0,1,1,0,1,0,0,0,0,0,0,0,0,0,0,1,0,0.02512359619140625,0.0491943359375,Material de Transporte,Material Rodoviário,B
355,355,TXRX3,17,0.021498441696166548,0.011348485946655721,0,0,0,1,0,0,0,0,0,0,0,1,1,1,0,0,0,0,0,1,0,0.003271818161010298,0.001089334487914595,"Tecidos, Vestuário e Calçados",Fios e Tecidos,C
356,356,TXRX4,18,0.01564836502075151,0.0036554336547847117,0,1,0,0,0,1,1,1,0,0,0,0,0,0,0,0,0,0,0,1,0,0.06673955917358354,0.0017940998077388137,"Tecidos, Vestuário e Calçados",Fios e Tecidos,C
357,357,UCAS3,19,0.011885643005371094,0.020768404006958008,0,0,0,0,0,0,1,0,1,1,0,0,0,1,0,0,0,0,0,1,0,0.04898667335510254,0.0020439624786376953,Utilidades Domésticas,Móveis,D
358,358,UGPA3,20,1350.5438232421875,2660.056640625,1,1,1,1,0,0,0,0,0,0,0,0,0,0,0,0,0,0,0,1,0,322.6214599609375,131.85120391845706,"Petróleo, Gás e Biocombustíveis","Exploração, Refino e Distribuição",B
359,359,UNIP3,21,0.029018878936767575,0.005223274230957031,1,1,1,1,0,0,0,0,0,0,0,0,0,0,0,0,0,0,0,1,0,0.0021653175354003906,0.009894371032714844,Químicos,Químicos Diversos,B
360,360,UNIP5,22,0.21236133575439453,0.025179386138916016,1,1,1,0,0,1,0,0,0,0,0,0,0,0,0,0,0,0,0,1,0,0.02215576171875,0.0021953582763671875,Químicos,Químicos Diversos,B
361,361,UNIP6,23,0.005070924758911133,0.01922535896301269,1,1,1,1,0,0,0,0,0,0,0,0,0,0,0,0,0,0,0,1,0,0.03984832763671875,0.028234958648681637,Químicos,Químicos Diversos,B
362,362,USIM3,24,0.09592247009277344,0.29837608337402344,1,1,1,0,0,0,0,0,0,0,0,0,0,0,1,0,0,0,0,1,0,0.3061332702636719,0.17110061645507812,Siderurgia e Metalurgia,Siderurgia,B
363,363,USIM5,25,0.0164947509765625,0.0327143669128418,1,1,1,0,0,0,1,0,0,0,0,0,0,0,0,0,0,0,0,1,0,0.06318044662475586,0.07274389266967772,Siderurgia e Metalurgia,Siderurgia,B
364,364,USIM6,26,0.027337551116942468,0.03452920913696378,1,1,1,1,0,0,0,0,0,0,0,0,0,0,0,0,0,0,0,1,0,0.02083110809326083,0.027003765106200284,Siderurgia e Metalurgia,Siderurgia,B
365,365,VALE3,27,0.05158805847167969,0.036945343017578125,0,1,1,0,0,1,1,0,0,0,0,0,0,0,0,0,0,0,0,1,0,0.05728530883789064,0.06283378601074219,Mineração,Minerais Metálicos,B
366,366,VIVR3,28,3.6219520568847656,0.6422863006591797,0,0,1,1,0,0,0,0,0,0,0,0,1,0,1,0,0,0,0,1,0,2.555591583251953,1.8616352081298828,Construção Civil,Incorporações,R
367,367,VIVT3,29,0.3348617553711009,0.33911514282227273,1,1,1,0,0,1,0,0,0,0,0,0,0,0,0,0,0,0,0,1,0,0.09882354736327413,0.09734725952149148,Telecomunicações,Telecomunicações,B
368,368,VLID3,30,0.025905609130855826,0.12335586547851918,0,1,1,1,0,1,0,0,0,0,0,0,0,0,0,0,0,0,0,1,0,0.1686611175537145,4.959106445667771e-05,Serviços Diversos,Serviços Diversos,B
369,369,VSPT3,31,0.005240321159362793,0.0015732049942016602,0,0,0,0,0,1,1,1,1,0,1,0,0,0,0,0,0,0,0,0,0,0.005162715911865234,0.015822649002075195,Transporte,Transporte Ferroviário,A
370,370,VULC3,32,102.5852746963501,72.73416233062744,0,1,0,0,0,1,0,0,0,0,1,1,0,0,0,0,0,0,0,1,0,60.78242588043213,69.68700313568115,"Tecidos, Vestuário e Calçados",Calçados,B
371,371,VVAR3,33,0.015184879302979404,0.065596103668212,1,1,1,1,0,0,0,0,0,0,0,0,0,0,0,0,0,0,0,1,0,0.02089500427246005,0.08060169219970614,Comércio,Eletrodomésticos,B
372,372,WEGE3,34,0.02343177795410156,0.0407705307006836,0,0,1,1,0,1,1,0,0,0,0,0,0,0,0,0,0,0,0,1,0,0.003510475158691407,0.004857540130615234,Máquinas e Equipamentos,"Motores, Compressores e Outros",B
373,373,WHRL3,35,0.0014133453369140625,0.00881052017211914,0,1,0,0,0,0,0,0,0,1,1,1,1,0,0,0,0,0,0,0,0,0.031025409698486325,0.02529382705688477,Utilidades Domésticas,Eletrodomésticos,B
374,374,WHRL4,36,0.018857955932617188,0.010042428970336914,0,1,1,1,0,0,0,1,0,0,0,0,0,0,0,0,0,0,0,1,0,0.04192852973937988,0.0037584304809570312,Utilidades Domésticas,Eletrodomésticos,B
375,375,WLMM4,37,0.9608983993530272,0.964919090270996,1,1,1,1,0,0,0,0,0,0,0,0,0,0,0,0,0,0,0,1,0,1.2094030380249023,2.6843461990356445,Comércio,Material de Transporte,B
376,376,WSON33,38,0.18624496459960932,0.20726394653320312,0,0,1,1,0,0,0,0,0,1,0,1,0,0,0,0,0,0,0,1,0,0.4518852233886719,0.3204460144042969,Transporte,Serviços de Apoio e Armazenagem,B
377,377,YDUQ3,39,0.2930431365966797,0.2386188507080078,1,1,1,1,0,0,0,0,0,0,0,0,0,0,0,0,0,0,0,1,0,0.17986488342285156,0.1567974090576172,Diversos,Serviços Educacionais,B
